"","grade_2023","school_2023.","gender_2023","ELstatus","RVP_LT0","RVP_PT0","GMC_T0","wcj_lwi_2023","wcj_wa_2023","wcj_pc_2023","wcj_srf_2023","wcj_orf_2023","wcj_lwi_ss_2023","wcj_lwi_ss_2024","wcj_wa_ss_2023","wcj_wa_ss_2024","wcj_spelling_ss_2024","wcj_orf_ss_2024","wcj_srf_ss_2024","wcj_pc_ss_2024","wcj_lwi_2024","wcj_wa_2024","wcj_pc_2024","wcj_srf_2024","wcj_orf_2024","wcj_c_boardreading_2024","wcj_c_basicreadingskills_2024","wcj_c_readingfluency_2024","wcj_c_reading_2024","del_ucat_T0","ble_ucat_T0","nwr_ucat_T0","srt_ucat_T0","rao_T0","dgs_T0","evo_ucat_T0","lsi_ucat_T0","lco_T0","lnc_T0","RO_T0","RO_T1","RC_T1","frpm_eligibility","risk","student_id"
"1",1,21,"F","Spanish",-0.114866745010864,-0.137133820082862,-2.56043062389914,19,6,NA,NA,NA,82,71,79,62,NA,81,75,73,22,6,12,5,9,73,69,74,71,-3,NA,-1.3618,-3,32,5,-2.1198,NA,NA,NA,82,71,69,"Eligible",1,1
"2",1,21,"F","Spanish",0.642177183381187,0.888970088428306,1.03840646885427,36,12,NA,NA,NA,90,84,91,85,NA,92,84,89,38,13,25,20,25,87,85,85,87,1.2286,NA,0.3619,-2.4165,49,7,0.0639,NA,NA,NA,90,84,85,"Eligible",0,2
"3",1,21,"F","Spanish",1.16217525542099,-0.526762385365648,0.587360850403943,47,21,NA,NA,NA,119,127,124,123,NA,110,104,107,60,24,29,30,35,113,126,106,121,1.6223,NA,0.211,-0.7189,40,8,-0.6765,NA,NA,NA,119,127,126,"Eligible",0,3
"4",1,21,"F","English",0.425741007124298,-0.116000443836681,0.680639451219291,36,16,NA,NA,NA,98,107,108,100,NA,102,93,94,51,17,25,24,30,97,104,95,101,-0.8843,NA,-0.7166,-2.4165,41,8,0.6608,NA,NA,NA,98,107,104,"Eligible",0,4
"5",1,21,"F","English",1.68682809074156,0.953171815666978,-0.696493665031107,54,10,NA,NA,NA,126,114,96,122,NA,113,112,98,54,24,26,39,38,110,117,113,108,0.7586,NA,-0.9012,-0.0153,37,12,0.2725,NA,NA,NA,126,114,117,"Ineligible",0,5
"6",1,21,"F","Spanish",1.07647104111918,0.503350276693133,0.907599425666933,44,18,NA,NA,NA,113,111,116,104,NA,99,107,107,51,17,29,33,24,109,108,104,111,-0.1684,NA,0.3619,-0.7923,53,8,-1.1781,NA,NA,NA,113,111,108,"Eligible",0,6
"7",1,21,"F","English",0.867680814902622,0.0328531749774105,1.17294385249341,58,21,NA,NA,NA,126,116,117,108,NA,111,108,96,58,21,28,40,39,108,114,109,108,3,NA,0.9421,0.5897,53,11,0.4047,NA,NA,NA,126,116,114,"Eligible",0,7
"8",1,21,"F","Spanish",0.518524394796931,0.746359529381974,-0.577200249453069,38,14,NA,NA,NA,93,111,97,98,NA,95,97,91,56,18,26,32,27,99,106,96,101,1.295,NA,0.4177,-1.2131,46,7,-0.959,NA,NA,NA,93,111,106,"Eligible",0,8
"9",1,21,"F","Spanish",0.861447480193904,0.303541150504082,2.05163524056554,62,22,NA,NA,NA,131,123,118,120,NA,119,119,108,62,25,33,50,44,120,123,119,119,3,NA,0.8183,-0.5357,50,7,1.2367,NA,NA,NA,131,123,123,"Eligible",0,9
"10",1,21,"F","English",0.725807586060577,1.36897157321203,2.01310665722193,42,13,NA,NA,NA,103,97,99,94,NA,93,95,102,46,15,30,27,22,97,96,93,99,0.2156,NA,-0.0456,0.5185,28,8,3,NA,NA,NA,103,97,96,"Eligible",0,10
"11",1,21,"F","English",0.408439474485193,-0.0682119078949623,NA,43,21,NA,NA,NA,103,117,118,118,NA,103,106,93,58,24,26,38,32,107,118,105,107,0.7586,NA,-0.6,-2.5876,28,7,0.5012,NA,NA,NA,103,117,118,"Eligible",0,11
"12",1,21,"F","English",0.475217300425112,0.418337639485039,0.807054365746431,18,10,NA,NA,NA,74,75,93,88,NA,76,73,83,28,12,19,6,8,74,81,71,77,-0.1684,NA,-1.5424,-2.4036,45,7,0.0639,NA,NA,NA,74,75,81,"Ineligible",1,12
"13",1,21,"F","English",-1.39874792906586,-1.49442177835371,NA,16,5,NA,NA,NA,77,75,70,77,NA,74,70,59,25,8,7,2,5,65,77,68,67,0.7586,NA,0.6645,-0.5909,23,5,0.4646,NA,NA,NA,77,75,77,"Eligible",1,13
"14",1,21,"F","Spanish",0.0678813144695035,-1.54129614778668,1.03633944510951,53,22,NA,NA,NA,121,96,122,84,NA,104,116,99,44,11,28,45,32,106,92,113,97,-0.1566,NA,0.5605,2.6432,40,9,3,NA,NA,NA,121,96,92,"Eligible",0,14
"15",1,21,"F","English",0.840108281101081,0.437276862536523,1.61266760823282,23,11,NA,NA,NA,79,93,94,89,NA,94,86,89,43,13,23,19,23,88,92,87,91,0.7586,NA,-0.2944,-2.0714,40,7,0.0639,NA,NA,NA,79,93,92,"Eligible",0,15
"16",1,21,"F","English",1.16217525542099,1.04726488145497,NA,23,6,NA,NA,NA,87,85,79,62,NA,92,90,85,32,6,18,18,19,85,77,89,84,0.2156,NA,-3,-3,29,7,-0.6036,NA,NA,NA,87,85,77,"Eligible",0,16
"17",1,21,"F","English",1.15009279179404,1.1898754405013,-0.529970467409656,47,17,NA,NA,NA,116,109,113,89,NA,98,107,105,51,12,29,35,26,108,101,104,108,1.295,NA,-0.0635,-0.4698,45,7,3,NA,NA,NA,116,109,101,"Ineligible",0,17
"18",1,21,"F","English",0.976050963344845,0.294392688426602,0.773912273586894,55,24,NA,NA,NA,130,125,131,123,NA,113,109,110,59,24,30,35,37,116,125,111,121,0.1696,NA,1.2399,2.2113,33,9,0.7332,NA,NA,NA,130,125,125,"Eligible",0,18
"19",1,21,"M","English",-0.232575449738441,-0.33656247199546,NA,40,12,NA,NA,NA,95,92,91,93,NA,90,85,92,45,16,27,22,22,89,93,85,92,0.2156,NA,0.9951,0.5897,42,7,0.0639,NA,NA,NA,95,92,93,"Eligible",0,19
"20",1,10,"F","English",0.728063471956623,0.205887217755963,-3.97060192576018,40,13,NA,NA,NA,103,102,101,106,NA,98,98,87,48,19,21,28,27,96,104,97,95,-0.1566,NA,0.2907,3,41,9,-0.3543,NA,NA,NA,103,102,104,"Eligible",0,20
"21",1,10,"F","English",1.14706515207717,0.339376447242984,0.852581438686852,25,11,NA,NA,NA,83,92,95,98,NA,88,67,81,41,16,18,2,17,77,95,71,86,-0.1566,NA,-1.0374,-2.0714,14,3,-1.3202,NA,NA,NA,83,92,95,"Eligible",0,21
"22",1,10,"F","Spanish",-2.14929107824667,-1.51563523163788,0.0405812131018038,14,7,NA,NA,NA,69,73,84,94,NA,75,66,75,25,14,14,-3,7,68,82,65,73,-1.4483,NA,-0.5153,-0.0016,27,NA,0.2725,NA,NA,NA,69,73,82,"Eligible",1,22
"23",1,10,"F","Spanish",-1.88173480562124,NA,-2.8615140844368,15,7,NA,NA,NA,62,68,74,84,NA,63,60,66,25,12,14,-2,4,63,74,57,64,-2.0051,NA,-1.5672,-3,14,1,-0.7382,NA,NA,NA,62,68,74,"Eligible",1,23
"24",1,10,"F","English",1.12374359312279,0.01773526819576,0.921784289390214,28,10,NA,NA,NA,91,87,96,100,NA,88,86,86,35,16,19,15,14,86,92,85,86,0.2156,NA,0.1985,-2.7479,25,9,-0.3543,NA,NA,NA,91,87,92,"Ineligible",0,24
"25",1,10,"F","English",0.914897794075052,0.980397025438746,0.175699571971326,17,11,NA,NA,NA,72,83,96,85,NA,67,NA,83,34,11,19,NA,4,NA,84,NA,82,-0.1566,NA,0.1985,0.09,41,7,0.0639,NA,NA,NA,72,83,84,"Eligible",0,25
"26",1,10,"F","English",0.666059096962443,-0.711236784429082,NA,17,11,NA,NA,NA,64,69,89,81,NA,74,NA,68,27,11,15,NA,9,NA,74,NA,67,-1.2522,NA,-0.2824,-2.9311,39,8,0.0639,NA,NA,NA,64,69,74,"Eligible",1,26
"27",1,10,"F","Spanish",0.475217300425112,NA,NA,25,15,NA,NA,NA,81,88,104,92,NA,91,80,97,38,14,27,12,20,86,90,82,91,0.7586,NA,-0.0604,-2.0714,39,9,-0.0698,NA,NA,NA,81,88,90,"Eligible",0,27
"28",1,10,"F","Spanish",-0.904897877968884,-0.976633937275116,NA,49,21,NA,NA,NA,107,108,114,118,116,110,108,92,55,25,27,43,39,100,113,109,100,0.7586,NA,0.053,3,47,9,0.9817,NA,NA,NA,107,108,113,"Eligible",0,28
"29",1,10,"F","Spanish",0.692415651323131,0.595566513171569,0.44150921744823,48,23,NA,NA,NA,111,127,123,121,NA,114,97,111,63,25,33,30,40,112,124,102,123,1.2286,NA,0.2327,3,33,10,-0.3543,NA,NA,NA,111,127,124,"Eligible",0,29
"30",1,10,"F","English",1.29748278326078,0.862619671871835,-0.759741625135894,32,18,NA,NA,NA,84,94,106,90,NA,90,85,90,47,15,26,23,25,89,93,86,92,-0.1684,NA,0.9421,3,39,11,0.0639,NA,NA,NA,84,94,93,"Ineligible",0,30
"31",1,10,"F","Spanish",0.237022159063659,0.52648857860952,0.86651673998578,16,6,NA,NA,NA,66,62,68,79,NA,55,62,68,21,10,14,-7,2,62,69,55,63,-0.1566,NA,-0.2308,-1.4418,28,6,0.0639,NA,NA,NA,66,62,69,"Eligible",1,31
"32",1,10,"F","English",1.00949847091348,0.852870031642647,1.00548071644993,36,13,NA,NA,NA,94,96,98,80,NA,92,100,96,45,10,27,32,23,98,90,97,96,0.7586,NA,0.211,-0.1991,40,6,0.0639,NA,NA,NA,94,96,90,"Eligible",0,32
"33",1,10,"F","English",0.318653570348426,-1.25384379326442,-0.326396978094567,13,8,NA,NA,NA,68,78,90,88,NA,73,69,72,27,11,11,1,5,73,82,67,71,0.1744,NA,-0.7872,-2.8822,27,6,-1.1926,NA,NA,NA,68,78,82,"Eligible",1,33
"34",1,10,"F","English",0.12956336233395,-0.101471464945675,-0.18031198273552,31,8,NA,NA,NA,90,105,85,95,NA,91,96,85,50,15,20,27,20,95,101,94,95,0.2156,NA,-0.5075,-1.0165,39,7,0.0639,NA,NA,NA,90,105,101,"Eligible",0,34
"35",1,16,"M","English",-0.0259940034157789,-0.0615842063089181,0.707354631088846,42,8,NA,NA,NA,97,92,77,80,71,94,92,84,45,11,23,28,24,90,88,91,88,0.1696,NA,-1.3566,-2.5876,22,9,0.8916,NA,NA,NA,97,92,88,"Ineligible",0,35
"36",1,16,"F","Spanish",-2.31335127635485,-1.59570402896859,NA,22,12,NA,NA,NA,77,68,96,44,68,69,68,60,24,5,10,4,5,68,60,74,62,NA,NA,NA,NA,NA,NA,NA,NA,NA,NA,77,68,60,"Ineligible",1,36
"37",1,16,"F","English",-0.154071949687763,-0.438039172155854,0.354317117631888,49,19,NA,NA,NA,110,115,111,114,97,106,99,92,58,23,26,34,34,102,115,98,105,0.9109,NA,0.8986,1.8179,28,10,0.9179,NA,NA,NA,110,115,115,"Ineligible",0,37
"38",1,16,"F","English",1.14706515207717,0.537578646560854,1.51738889563228,40,16,NA,NA,NA,105,101,109,112,105,106,122,109,47,21,31,48,32,114,106,117,105,2.253,NA,0.7566,0.3333,48,8,1.2974,NA,NA,NA,105,101,106,"Ineligible",0,38
"39",1,16,"M","English",0.560540056235698,1.07509438050446,1.32551401688406,51,16,NA,NA,NA,111,118,101,119,98,101,98,106,60,25,33,34,32,106,119,99,115,0.7586,NA,0.2495,-0.5909,48,9,0.8916,NA,NA,NA,111,118,119,"Ineligible",0,39
"40",1,16,"M","English",-0.10703218656241,0.0967729834079889,0.137131943452876,46,19,NA,NA,NA,104,99,110,112,82,108,98,96,50,23,29,34,38,98,104,101,98,0.1696,NA,0.4177,0.5185,36,8,1.4555,NA,NA,NA,104,99,104,"Ineligible",0,40
"41",1,16,"F","English",-0.0597596345587911,-0.0225881160101469,-0.517029176450985,44,14,NA,NA,NA,101,105,97,104,100,103,98,102,53,20,31,33,33,102,105,100,104,0.7586,NA,0.0103,0.09,50,10,3,NA,NA,NA,101,105,105,"Ineligible",0,41
"42",1,16,"F","English",-0.100337690638043,0.000990255420029049,1.84542211407266,36,16,NA,NA,NA,96,101,107,119,101,97,98,104,48,24,30,29,27,100,109,97,102,1.4144,NA,0.5605,0.0849,51,9,-0.1027,NA,NA,NA,96,101,109,"Ineligible",0,42
"43",1,16,"M","English",0.42717536950766,0.674394617772372,-0.231523220002644,49,14,NA,NA,NA,118,110,105,114,107,95,114,96,53,22,26,42,23,109,112,107,104,0.2156,NA,0.1985,1.4425,41,9,0.8916,NA,NA,NA,118,110,112,"Ineligible",0,43
"44",1,16,"M","English",-0.0808447487533089,0.385038296436681,-0.580159584185181,35,15,NA,NA,NA,99,111,108,116,104,101,98,102,52,22,28,27,29,103,112,99,108,0.0633,NA,0.9777,0.8493,46,11,0.7626,NA,NA,NA,99,111,112,"Ineligible",0,44
"45",1,16,"M","English",0.304913860609553,0.434379243441599,2.24703375957032,40,20,NA,NA,NA,103,117,118,120,98,98,103,102,57,24,29,34,27,106,119,101,113,3,NA,1.119,0.0141,49,11,0.0639,NA,NA,NA,103,117,119,"Ineligible",0,45
"46",1,11,"F","Spanish",-1.99925639682054,-2.06077542685053,-1.50062008611744,42,14,NA,NA,NA,106,107,103,108,106,103,101,94,51,20,25,31,31,101,108,102,101,-0.1566,NA,0.8183,-0.4704,39,8,-0.6386,NA,NA,NA,106,107,108,"Eligible",0,46
"47",1,11,"F","English",-1.51962789975779,-1.54852244226792,-1.54039506803734,34,6,NA,NA,NA,92,95,68,71,93,84,96,95,45,8,27,29,16,96,87,91,95,-0.1684,NA,0.3619,-0.5822,43,2,0.7332,NA,NA,NA,92,95,87,"Eligible",0,47
"48",1,11,"F","English",0.293847028246104,-1.19476256317512,1.38806631186973,50,21,NA,NA,NA,112,125,116,117,118,118,112,97,63,24,29,44,43,114,123,114,115,2.4131,NA,0.4581,NA,44,8,1.2367,NA,NA,NA,112,125,123,"Ineligible",0,48
"49",1,11,"F","English",0.660342050807788,0.473632918444598,0.82955125408652,24,9,NA,NA,NA,81,91,89,83,86,94,88,85,41,11,21,21,23,87,88,89,87,0.2156,NA,0.2224,-1.1045,55,6,-0.7651,NA,NA,NA,81,91,88,"Eligible",0,49
"50",1,11,"M","English",-0.967516695237644,0.562132585163459,NA,51,21,NA,NA,NA,116,106,118,106,107,97,88,90,52,20,24,22,28,93,106,90,98,2.253,NA,0.4882,NA,33,0,-0.6157,NA,NA,NA,116,106,106,"Eligible",0,50
"51",1,11,"F","English",0.768884736048215,0.753331971606112,2.01099595210361,49,18,NA,NA,NA,108,112,106,109,113,94,119,90,57,22,26,52,24,110,111,110,100,-0.1684,NA,0.4291,-0.4704,47,10,0.6933,NA,NA,NA,108,112,111,"Eligible",0,51
"52",1,11,"F","English",-2.0526733536478,NA,NA,27,9,NA,NA,NA,89,95,93,83,79,94,94,85,42,10,19,24,21,92,91,93,90,-0.1566,NA,0.4291,-2.4441,26,6,-0.4421,NA,NA,NA,89,95,91,"Eligible",0,52
"53",1,11,"F","English",0.96222591890986,0.819436103634537,0.58006156708423,52,16,NA,NA,NA,120,108,107,101,110,108,97,104,52,18,30,28,35,102,106,100,107,0.2156,NA,0.8183,-0.5909,48,6,-0.0267,NA,NA,NA,120,108,106,"Eligible",0,53
"54",1,11,"F","English",1.02035759941014,1.15644151249319,-1.48294325959635,28,10,NA,NA,NA,89,118,94,134,116,110,102,103,57,28,29,31,35,108,125,104,114,0.7586,NA,0.5605,0.1123,38,10,0.7374,NA,NA,NA,89,118,125,"Ineligible",0,54
"55",1,11,"F","Spanish",0.0714755720868281,0.498254909107457,0.249449166759176,23,13,NA,NA,NA,73,76,94,85,77,83,74,78,33,13,20,11,15,75,80,75,75,0.2156,NA,-0.0635,-0.0529,40,11,0.7332,NA,NA,NA,73,76,80,"Eligible",1,55
"56",1,11,"F","English",0.597870547315894,0.883102037075272,NA,39,16,NA,NA,NA,98,102,105,108,110,107,92,96,50,21,28,26,35,96,104,97,99,0.7586,NA,1.2177,NA,36,7,0.0639,NA,NA,NA,98,102,104,"Eligible",0,56
"57",1,11,"F","English",1.26705737385019,0.628052124246566,-0.958222448005289,60,25,NA,NA,NA,130,129,129,136,130,131,130,118,65,29,36,62,49,130,134,131,128,0.1696,NA,3,1.0475,40,10,3,NA,NA,NA,130,129,134,"Eligible",0,57
"58",1,11,"F","English",1.0970183918559,0.887067683638553,-0.133995878723405,43,12,NA,NA,NA,105,111,96,103,86,96,103,95,55,19,27,36,27,104,109,100,104,0.6953,NA,-0.2012,-2.6495,47,10,0.0639,NA,NA,NA,105,111,109,"Eligible",0,58
"59",1,11,"F","English",0.0948331430989661,-0.350037939893452,0.180196491298466,21,9,NA,NA,NA,70,88,82,73,94,87,78,86,42,9,24,15,20,83,83,79,86,-0.5978,NA,1.1013,-2.2828,44,6,1.8063,NA,NA,NA,70,88,83,"Ineligible",0,59
"60",1,11,"F","English",0.902427994784755,0.414703033082111,1.35761962143697,44,16,NA,NA,NA,113,110,112,117,119,107,107,93,51,22,23,34,32,105,113,107,102,0.7586,NA,1.3748,0.6969,37,10,0.6956,NA,NA,NA,113,110,113,"Eligible",0,60
"61",1,11,"F","English",-0.149367688151977,-0.723689706128851,NA,14,5,NA,NA,NA,57,55,51,52,53,51,NA,64,19,6,14,NA,3,NA,54,NA,57,-3,NA,-1.2039,-2.8929,NA,10,0.6106,NA,NA,NA,57,55,54,"Eligible",1,61
"62",1,11,"F","Spanish",0.414959878490081,0.989229879181971,3.07733657166988,15,4,NA,NA,NA,62,66,45,74,69,67,68,71,25,9,16,5,5,67,70,64,66,-0.1566,NA,0.2495,2.8165,34,7,0.1405,NA,NA,NA,62,66,70,"Eligible",1,62
"63",1,11,"F","English",-0.733301076644649,-0.847342227776474,NA,11,4,NA,NA,NA,65,51,63,51,63,49,NA,40,12,5,2,NA,0,NA,53,NA,42,-0.1684,NA,-1.127,-2.7928,26,5,-0.6041,NA,NA,NA,65,51,53,"Ineligible",1,63
"64",1,8,"M","English",-0.617761061111557,0.072583913626388,-1.61312241614924,21,12,NA,NA,NA,59,60,83,82,NA,50,57,70,29,14,21,5,4,60,68,50,64,1.2809,NA,1.4646,-0.5719,33,4,0.7626,NA,NA,NA,59,60,68,"Eligible",1,64
"65",1,8,"M","English",-0.268271574730079,0.427448556197904,-0.758219268108849,23,10,NA,NA,NA,69,81,82,77,NA,86,87,77,39,11,21,26,21,83,80,85,77,0.1744,NA,1.1013,-2.4584,31,9,0.0639,NA,NA,NA,69,81,80,"Eligible",0,65
"66",1,8,"F","Spanish",-1.61384113630288,-0.586017651203371,NA,26,13,NA,NA,NA,78,90,95,91,NA,83,80,78,43,15,20,17,17,82,90,79,83,-0.1566,NA,0.4965,-0.8665,38,7,-1.1926,NA,NA,NA,78,90,90,"Eligible",0,66
"67",1,8,"M","Spanish",-1.1503606021529,NA,-3.43287990359894,18,6,NA,NA,NA,79,99,77,97,NA,106,94,85,45,15,19,24,32,93,99,98,92,-3,NA,0.4882,-3,32,3,-0.1027,NA,NA,NA,79,99,99,"Eligible",0,67
"68",1,8,"M","English",-1.51929603229564,-0.404605244147743,-1.15424127490188,20,12,NA,NA,NA,72,94,94,89,NA,100,95,85,46,14,23,30,31,92,92,96,90,0.2156,NA,0.211,-0.5689,42,7,0.1193,NA,NA,NA,72,94,92,"Eligible",0,68
"69",1,8,"F","English",-0.485098152291323,-0.736753330533524,2.11646688777402,37,15,NA,NA,NA,105,113,110,111,NA,111,102,103,53,20,28,29,36,106,113,105,110,0.9109,NA,-0.2308,0.0849,50,9,2.0236,NA,NA,NA,105,113,113,"Ineligible",0,69
"70",1,8,"F","English",0.786619890514144,-0.184761709053956,0.567098827408104,24,11,NA,NA,NA,90,90,102,100,NA,97,92,92,37,16,22,21,25,90,94,94,90,-0.1684,NA,2.9921,1.4425,43,9,0.7332,NA,NA,NA,90,90,94,"Ineligible",0,70
"71",1,8,"M","Spanish",-1.91874600110566,-0.619451579211481,NA,17,6,NA,NA,NA,63,59,62,78,NA,63,NA,67,23,11,16,NA,5,NA,67,NA,60,0.2156,NA,-0.9012,-0.7308,40,6,-0.1027,NA,NA,NA,63,59,67,"Eligible",1,71
"72",1,8,"F","English",0.138599770946345,1.20051140780454,1.14707915261582,45,15,NA,NA,NA,109,111,105,118,NA,110,97,91,55,24,25,30,38,100,115,101,102,1.8997,NA,3,0.4605,32,11,0.9817,NA,NA,NA,109,111,115,"Eligible",0,72
"73",1,8,"M","Spanish",-1.84086101406463,NA,NA,25,12,NA,NA,NA,88,99,102,107,NA,100,89,83,45,19,18,19,28,90,102,92,91,-0.4614,NA,-0.9395,-2.9311,53,6,-1.9469,NA,NA,NA,88,99,102,"Eligible",0,73
"74",1,8,"M","English",0.468205196043938,0.640802558485149,NA,19,12,NA,NA,NA,80,99,102,83,NA,103,89,92,45,10,23,19,30,93,94,93,96,-0.8843,NA,1.893,-0.1414,25,9,-0.8122,NA,NA,NA,80,99,94,"Ineligible",0,74
"75",1,8,"M","Spanish",-1.23599258773608,NA,-0.481584875008574,19,4,NA,NA,NA,80,74,61,91,NA,77,81,80,26,13,17,11,8,76,81,76,75,-3,NA,0.7304,-1.14,27,7,-2.4081,NA,NA,NA,80,74,81,"Eligible",1,75
"76",1,8,"M","English",0.591473644126636,0.439678231267314,1.39866521970603,24,12,NA,NA,NA,89,89,103,94,NA,92,83,85,37,14,19,12,20,84,91,84,86,0.7539,NA,0.6645,-0.2491,47,8,0.7332,NA,NA,NA,89,89,91,"Eligible",0,76
"77",1,8,"M","English",-1.65670269796695,0.31746498359539,-0.472353285047308,30,16,NA,NA,NA,84,85,103,107,NA,92,86,89,39,21,25,22,23,86,93,87,86,-0.1684,NA,1.0642,-0.4549,31,7,0.9873,NA,NA,NA,84,85,93,"Eligible",0,77
"78",1,8,"F","English",1.0970183918559,0.786002175626427,2.48208912163397,34,14,NA,NA,NA,92,104,100,108,NA,114,99,90,52,21,25,34,41,98,106,104,97,0.7586,NA,0.7665,0.4105,35,9,0.7332,NA,NA,NA,92,104,106,"Eligible",0,78
"79",1,8,"F","Spanish",-0.289427898652518,-0.596472128319532,-0.879003293320211,22,11,NA,NA,NA,74,81,90,83,NA,87,72,82,37,12,22,9,20,77,82,74,80,-0.1566,NA,1.6663,-0.7189,19,6,-1.9285,NA,NA,NA,74,81,82,"Eligible",0,79
"80",1,8,"F","Spanish",-1.62852024208898,NA,0.698682358124444,22,NA,NA,NA,NA,88,90,NA,99,NA,89,90,96,36,15,24,18,14,90,93,88,92,NA,NA,NA,NA,NA,NA,NA,NA,NA,NA,88,90,93,"Eligible",0,80
"81",1,8,"M","Spanish",-2.36085908610444,-2.18909940115959,NA,19,9,NA,NA,NA,65,74,81,71,NA,76,65,40,33,9,3,5,12,49,73,65,40,-0.1684,NA,0.4177,-0.9651,38,7,0.7332,NA,NA,NA,65,74,73,"Eligible",1,81
"82",1,8,"M","Spanish",0.147248038721973,0.169212775674434,NA,22,14,NA,NA,NA,86,76,108,87,NA,79,66,73,27,11,13,-2,9,68,81,67,73,0.7586,NA,1.4568,-0.5719,44,7,-0.6036,NA,NA,NA,86,76,81,"Ineligible",1,82
"83",1,8,"M","Spanish",-0.883708671489617,-1.22286205641961,0.334021267009493,22,8,NA,NA,NA,86,81,92,92,NA,81,79,89,31,13,21,9,10,80,86,77,84,1.3006,NA,0.7304,0.8821,35,9,0.0639,NA,NA,NA,86,81,86,"Eligible",0,83
"84",1,8,"F","Spanish",0.262642993405273,-0.297993804031885,-0.555482838159584,42,16,NA,NA,NA,107,102,109,98,NA,95,96,98,48,16,27,27,24,98,100,95,100,0.2156,NA,2.9327,0.2037,35,8,0.2725,NA,NA,NA,107,102,100,"Eligible",0,84
"85",1,8,"M","English",0.0900247800149868,-1.58818307334553,0.628657756096528,19,12,NA,NA,NA,69,70,93,83,NA,79,76,69,29,12,16,12,13,72,75,75,67,0.9109,NA,0.4177,-2.4584,32,6,0.4646,NA,NA,NA,69,70,75,"Eligible",1,85
"86",1,8,"M","Spanish",0.397155607931291,-0.166179384620522,0.586871113235797,35,13,NA,NA,NA,89,92,95,91,NA,91,90,80,45,15,21,26,23,88,92,89,86,0.7586,NA,2.0653,0.1364,48,8,0.0639,NA,NA,NA,89,92,92,"Eligible",0,86
"87",1,8,"M","Spanish",-1.60168187993191,0.238839679211905,NA,25,11,NA,NA,NA,83,89,95,88,NA,103,71,79,40,13,19,6,32,77,89,80,84,-3,NA,0.211,-3,36,5,-3,NA,NA,NA,83,89,89,"Eligible",0,87
"88",1,8,"F","English",0.509504982497319,0.0662871029855207,-0.860028462119338,42,16,NA,NA,NA,102,99,105,102,NA,94,97,102,49,19,31,31,26,99,100,95,100,1.664,NA,3,0.6969,34,8,0.8808,NA,NA,NA,102,99,100,"Eligible",0,88
"89",1,8,"F","English",0.112497540056845,0.0490735634995805,0.808480975633388,44,20,NA,NA,NA,104,104,115,102,NA,102,100,99,52,19,30,35,32,101,103,101,102,1.8997,NA,3,1.9521,40,7,0.8808,NA,NA,NA,104,104,103,"Ineligible",0,89
"90",1,8,"F","English",0.0350182583267125,-1.7273383209325,-1.31807029746381,23,11,NA,NA,NA,80,97,95,106,NA,97,93,91,46,20,25,26,28,93,100,94,94,0.7586,NA,-0.3728,-0.5719,30,8,0.7185,NA,NA,NA,80,97,100,"Eligible",0,90
"91",1,8,"F","Spanish",-1.35968230123775,0.251167999444488,0.207329875488728,20,NA,NA,NA,NA,71,78,NA,91,NA,86,76,78,35,15,20,12,19,77,83,77,77,NA,NA,NA,NA,NA,NA,NA,NA,NA,NA,71,78,83,"Ineligible",1,91
"92",1,8,"F","English",0.597529682499668,-0.843050365153814,0.700065129912691,35,19,NA,NA,NA,96,106,116,111,NA,104,92,95,51,21,26,24,32,97,108,95,101,0.2156,NA,-0.0635,-2.4584,46,9,0.7185,NA,NA,NA,96,106,108,"Eligible",0,92
"93",1,8,"F","English",0.660342050807788,-0.767797653732465,-3.19855646158189,31,11,NA,NA,NA,89,90,94,93,NA,87,88,88,41,15,23,22,18,88,91,86,88,0.9109,NA,2.7989,-0.0032,21,12,0.6933,NA,NA,NA,89,90,91,"Eligible",0,93
"94",1,8,"F","English",0.934653385108318,0.540500774460818,1.60068556237177,54,22,NA,NA,NA,123,114,122,99,NA,132,113,98,56,17,28,43,49,111,108,120,108,2.4607,NA,2.7989,2.9195,40,11,0.6608,NA,NA,NA,123,114,108,"Ineligible",0,94
"95",1,8,"F","Spanish",0.304244074487598,0.52221604465173,0.994726030785253,22,10,NA,NA,NA,86,84,98,87,NA,82,76,87,33,11,20,7,11,80,86,75,85,-0.1684,NA,-1.0331,-3,42,8,-1.2335,NA,NA,NA,86,84,86,"Ineligible",0,95
"96",1,8,"F","English",-1.37306738594523,NA,1.1213511259848,18,6,NA,NA,NA,77,82,76,95,NA,81,73,89,33,15,22,6,11,78,87,73,84,0.7586,NA,1.2557,-0.5719,22,8,0.0639,NA,NA,NA,77,82,87,"Ineligible",0,96
"97",1,8,"F","Spanish",1.333381151874,0.518068551644051,0.182376863590167,39,15,NA,NA,NA,103,102,107,95,NA,109,114,90,48,15,23,42,34,104,99,112,96,0.7586,NA,3,1.7714,46,9,-0.3718,NA,NA,NA,103,102,99,"Eligible",0,97
"98",1,8,"M","English",-1.42033993794885,-1.41478673023547,-0.502017654317861,57,23,NA,NA,NA,130,116,126,123,NA,114,101,98,56,25,27,31,39,105,119,105,109,3,NA,0.9924,0.6732,43,8,3,NA,NA,NA,130,116,119,"Ineligible",0,98
"99",1,13,"F","English",0.456052891305037,0.257804985621758,1.63415075447385,24,8,NA,NA,NA,73,76,76,90,NA,85,60,79,34,15,21,1,19,69,82,65,76,-0.1684,NA,0.4223,-0.5909,26,NA,-0.0292,NA,NA,NA,73,76,82,"Eligible",1,99
"100",1,13,"F","English",-0.78898275291377,-1.52075596067422,-2.14817427605137,20,7,NA,NA,NA,80,78,84,82,NA,82,81,82,29,10,18,11,11,78,80,78,78,0.2156,NA,0.4291,-2.5733,35,7,0.4646,NA,NA,NA,80,78,80,"Eligible",1,100
"101",1,13,"F","English",0.00224868165073411,-1.60759134950583,0.435436795502919,35,13,NA,NA,NA,76,88,84,94,NA,91,80,79,48,19,25,26,30,82,90,82,83,1.295,NA,1.0121,-0.3703,50,NA,0.7332,NA,NA,NA,76,88,90,"Eligible",0,101
"102",1,13,"F","English",0.115342778528388,-1.36685434228274,0.527103332273479,38,18,NA,NA,NA,80,87,96,97,NA,93,87,94,47,20,31,31,31,88,90,87,89,0.7586,NA,-0.5341,-0.323,42,8,-0.6041,NA,NA,NA,80,87,90,"Eligible",0,102
"103",1,13,"F","English",0.260565780101304,0.685752815022318,-2.45132710465408,39,6,NA,NA,NA,96,100,64,95,NA,99,99,98,49,16,29,33,30,99,98,99,99,-0.1566,NA,0.4291,-2.7479,41,9,0.2558,NA,NA,NA,96,100,98,"Eligible",0,103
"104",1,13,"F","Spanish",1.4571484085646,0.477131170913965,2.90727846150064,45,16,NA,NA,NA,103,106,102,119,NA,103,104,94,54,25,28,39,35,102,112,104,100,0.7586,NA,0.4329,-2.4036,49,NA,0.1405,NA,NA,NA,103,106,112,"Eligible",0,104
"105",1,13,"F","English",1.17351309654289,0.672334706372988,2.28355573799706,31,19,NA,NA,NA,78,104,104,61,98,117,91,51,55,7,10,25,45,140,98,98,86,0.7586,NA,1.1851,0.6086,50,9,0.9817,NA,NA,NA,78,104,98,"Eligible",0,105
"106",1,13,"F","English",2.02067160731033,2.37055706046055,0.78319954852977,48,21,NA,NA,NA,112,117,119,129,NA,108,106,93,57,27,25,37,35,107,122,108,106,0.7586,NA,0.7566,-2.4584,48,11,0.1488,NA,NA,NA,112,117,122,"Eligible",0,106
"107",1,13,"F","Spanish",0.14774039570283,0.323531835306372,-0.0143000944551129,19,6,NA,NA,NA,77,92,74,96,NA,93,88,82,40,15,18,19,21,87,94,88,87,-0.4614,NA,-0.8916,-2.9517,47,5,-0.1027,NA,NA,NA,77,92,94,"Eligible",0,107
"108",1,13,"F","English",0.834233307333988,0.868247701590481,-0.647993470528991,45,13,NA,NA,NA,109,104,100,90,NA,101,109,99,50,13,28,39,30,106,98,106,102,0.2156,NA,-0.7166,-1.3799,31,8,-0.0712,NA,NA,NA,109,104,98,"Eligible",0,108
"109",1,13,"F","Spanish",1.87885395129947,0.90637220242976,NA,28,13,NA,NA,NA,81,89,95,100,NA,96,85,80,42,19,21,22,28,84,95,88,85,-0.1684,NA,-0.0635,-2.5876,31,9,-1.2335,NA,NA,NA,81,89,95,"Ineligible",0,109
"110",1,13,"F","Spanish",0.514970877293017,0.769094555435219,-2.97429450943298,38,6,NA,NA,NA,93,94,63,101,NA,97,107,100,46,19,31,41,29,100,97,104,98,-0.1684,NA,-0.9395,-2.7928,50,10,-0.5399,NA,NA,NA,93,94,97,"Eligible",0,110
"111",1,13,"F","Spanish",0.313222498239668,1.30023985663017,1.17666163650496,46,16,NA,NA,NA,102,102,100,106,NA,96,108,92,52,21,27,43,29,102,103,104,97,-0.1684,NA,0.2907,-0.4381,56,7,0.2725,NA,NA,NA,102,102,103,"Eligible",0,111
"112",1,13,"F","English",0.550597995312275,0.433376747583638,NA,19,11,NA,NA,NA,68,63,89,73,NA,70,63,69,24,9,16,3,8,64,67,62,63,-0.1566,NA,-0.9395,-2.5876,41,NA,-0.7771,NA,NA,NA,68,63,67,"Eligible",1,112
"113",1,13,"F","English",0.450071637810665,0.0681686516826129,NA,12,6,NA,NA,NA,64,61,76,81,NA,55,NA,72,17,9,12,NA,1,NA,70,NA,65,-3,NA,-1.631,-2.7928,36,NA,-0.9483,NA,NA,NA,64,61,70,"Eligible",1,113
"114",1,13,"F","English",0.233144874953583,-0.0825665158285706,1.10862721932529,37,10,NA,NA,NA,99,111,93,111,NA,103,104,105,54,21,30,35,31,106,111,104,111,-0.1566,NA,0.3743,0.09,44,8,0.9817,NA,NA,NA,99,111,111,"Eligible",0,114
"115",1,13,"F","English",0.486699188193144,-2.03166608216249,NA,28,14,NA,NA,NA,88,98,103,106,NA,100,92,90,45,19,23,23,29,93,100,94,94,0.689,NA,-0.5228,-2.5876,50,6,-0.1027,NA,NA,NA,88,98,100,"Ineligible",0,115
"116",1,13,"F","English",0.893151293321968,0.390399691322592,-2.00933517771294,39,13,NA,NA,NA,106,109,104,119,NA,110,105,105,51,23,29,33,35,107,113,106,108,-0.1684,NA,-1.231,-2.7479,33,NA,0.9238,NA,NA,NA,106,109,113,"Ineligible",0,116
"117",1,13,"F","English",1.78430884729223,NA,1.45908467389237,45,19,NA,NA,NA,100,112,108,100,NA,105,99,82,57,19,22,35,36,98,108,101,97,1.4064,NA,0.3619,-0.6773,49,NA,0.0639,NA,NA,NA,100,112,108,"Eligible",0,117
"118",1,13,"F","English",-0.21384171224731,-1.23054893548055,NA,31,17,NA,NA,NA,92,88,111,101,NA,94,95,82,37,17,18,25,22,88,93,94,84,0.9109,NA,-1.1339,-2.7928,28,NA,0.5012,NA,NA,NA,92,88,93,"Ineligible",0,118
"119",1,13,"F","Spanish",-1.15600898894688,-1.72999752327706,NA,48,23,NA,NA,NA,104,113,119,125,NA,113,99,98,58,27,30,36,41,103,119,103,107,2.253,NA,0.7665,-0.323,50,NA,3,NA,NA,NA,104,113,119,"Eligible",0,119
"120",1,13,"F","Spanish",0.536717378046101,0.922404016436416,0.0410290315249771,51,24,NA,NA,NA,110,116,122,116,NA,99,105,94,59,24,28,40,31,106,117,103,107,1.8754,NA,0.3743,0.8493,57,12,0.7374,NA,NA,NA,110,116,117,"Eligible",0,120
"121",1,29,"F","English",0.728063471956623,0.36424440747287,0.871817645006111,40,14,NA,NA,NA,105,99,105,100,NA,100,103,98,46,17,27,33,29,100,99,102,98,NA,NA,NA,NA,NA,NA,NA,NA,NA,NA,105,99,99,"Ineligible",0,121
"122",1,29,"F","English",0.0531952916955917,NA,NA,20,11,NA,NA,NA,77,73,96,94,NA,80,71,72,28,15,15,6,11,71,82,71,71,NA,NA,NA,NA,NA,NA,NA,NA,NA,NA,77,73,82,"Eligible",1,122
"123",1,29,"M","English",-0.300892448933199,NA,NA,28,12,NA,NA,NA,77,93,89,84,NA,81,76,78,47,13,21,15,15,82,89,76,85,NA,NA,NA,NA,NA,NA,NA,NA,NA,NA,77,93,89,"Ineligible",0,123
"124",1,29,"F","English",0.330420678294857,-0.359744356602929,1.15533725757337,27,17,NA,NA,NA,80,96,106,110,NA,86,79,76,47,22,19,15,19,83,101,79,86,NA,NA,NA,NA,NA,NA,NA,NA,NA,NA,80,96,101,"Ineligible",0,124
"125",1,29,"F","Spanish",-0.315745609882651,-0.0500872052056777,0.999883785562497,23,NA,NA,NA,NA,75,95,NA,95,NA,98,86,78,47,17,20,23,30,87,95,89,87,NA,NA,NA,NA,NA,NA,NA,NA,NA,NA,75,95,95,"Eligible",0,125
"126",1,29,"M","English",0.050092823462498,0.599147494218315,NA,27,13,NA,NA,NA,88,112,102,114,NA,99,103,102,54,22,29,33,28,106,113,102,109,NA,NA,NA,NA,NA,NA,NA,NA,NA,NA,88,112,113,"Ineligible",0,126
"127",1,29,"F","English",0.567558663135155,-0.0156986598123502,1.29256885719683,17,9,NA,NA,NA,78,86,95,90,NA,82,84,88,34,12,20,12,10,84,88,80,85,NA,NA,NA,NA,NA,NA,NA,NA,NA,NA,78,86,88,"Ineligible",0,127
"128",1,29,"F","English",-0.636608831212312,-0.653407782109164,0.604511939788853,21,12,NA,NA,NA,85,90,103,84,NA,82,72,86,37,10,19,4,10,84,88,72,88,NA,NA,NA,NA,NA,NA,NA,NA,NA,NA,85,90,88,"Eligible",0,128
"129",1,29,"M","English",0.524032141392779,0.521919152104672,-1.95361496973843,41,14,NA,NA,NA,106,104,105,103,NA,100,107,102,49,18,29,37,29,103,103,105,104,NA,NA,NA,NA,NA,NA,NA,NA,NA,NA,106,104,103,"Ineligible",0,129
"130",1,29,"F","English",0.219105623106609,-0.692849274795284,NA,17,11,NA,NA,NA,75,82,98,91,NA,85,72,88,32,13,21,5,13,78,86,74,84,NA,NA,NA,NA,NA,NA,NA,NA,NA,NA,75,82,86,"Eligible",0,130
"131",0,8,"F","Spanish",-0.778515634261689,-1.65920966127225,NA,8,4,NA,NA,NA,78,85,82,70,NA,NA,NA,85,21,5,10,NA,NA,NA,79,NA,85,-3,-2.4908,-0.7858,-1.5515,25,5,NA,NA,NA,NA,78,85,79,"Eligible",0,131
"132",0,8,"M","Spanish",-0.952357275714363,-1.72643614676943,NA,16,10,NA,NA,NA,87,87,106,101,NA,NA,71,82,29,14,13,-2,NA,76,92,NA,84,-3,0.0562,-0.6912,-1.5732,0,5,NA,NA,NA,11,87,87,92,"Eligible",0,132
"133",0,8,"F","Spanish",-1.32086294202482,-0.540254494470572,NA,13,6,NA,NA,NA,89,82,95,97,NA,NA,NA,78,20,10,8,NA,NA,NA,88,NA,80,-3,-3,-0.302,-3,0,2,NA,NA,NA,30,89,82,88,"Eligible",0,133
"134",0,8,"F","Spanish",-0.62144941168903,-0.993893324822602,NA,16,9,NA,NA,NA,97,92,111,106,NA,NA,88,90,27,13,13,7,NA,88,97,NA,91,-3,-0.4623,1.6514,-3,0,5,NA,NA,NA,32,97,92,97,"Ineligible",0,134
"135",0,8,"F","Spanish",-1.80303159775868,NA,-0.30152082904384,16,6,NA,NA,NA,84,88,84,101,NA,NA,77,96,32,15,22,5,NA,84,93,NA,91,-1.2925,0.3921,1.8699,-1.4164,37,7,NA,NA,NA,21,84,88,93,"Eligible",0,135
"136",0,8,"F","English",1.12404815854436,0.361999292981262,-0.488389041188123,51,15,NA,NA,NA,129,117,116,103,NA,NA,112,103,52,15,25,34,NA,113,112,NA,113,-0.3049,0.3826,3,1.3485,25,8,NA,NA,NA,52,129,117,112,"Ineligible",0,136
"137",0,8,"F","English",-1.62407513136287,-1.47683234841922,-2.85982244990032,14,8,NA,NA,NA,81,72,98,68,NA,NA,NA,81,19,6,13,NA,NA,NA,71,NA,77,0.6184,-0.8958,2.497,3,20,8,NA,NA,NA,13,81,72,71,"Eligible",1,137
"138",0,8,"F","English",-0.839555011274599,0.0656981750948764,-0.281898706146496,38,20,NA,NA,NA,110,113,123,115,NA,NA,111,105,52,21,28,37,NA,112,114,NA,111,0.2363,3,2.9813,-0.7308,59,8,NA,NA,NA,68,110,113,114,"Eligible",0,138
"139",0,8,"M","Spanish",-0.645260498273206,0.0492757870028156,NA,20,12,NA,NA,NA,97,118,113,126,NA,NA,108,105,50,23,24,27,NA,112,121,NA,114,-1.159,-2.0951,0.6387,1.3485,35,8,NA,NA,NA,28,97,118,121,"Eligible",0,139
"140",0,8,"F","Spanish",-0.600073359467904,-1.19449689287126,-0.289857276063008,18,6,NA,NA,NA,92,90,89,78,NA,NA,73,93,32,7,19,1,NA,82,86,NA,91,-2.1603,-0.3832,0.2755,-2.6723,29,3,NA,NA,NA,33,92,90,86,"Ineligible",0,140
"141",0,8,"F","Spanish",1.07677560654075,0.805050070625735,1.23735018979964,27,11,NA,NA,NA,103,111,108,114,NA,NA,102,109,47,19,27,24,NA,107,112,NA,111,-2.0318,0.5786,0.3761,-2.6723,39,8,NA,NA,NA,51,103,111,112,"Eligible",0,141
"142",0,8,"M","English",-0.967605842276165,-0.593524531725563,NA,20,10,NA,NA,NA,95,88,107,110,NA,NA,80,87,29,17,15,5,NA,82,96,NA,87,-1.159,-0.4606,2.0542,0.498,37,7,NA,NA,NA,36,95,88,96,"Ineligible",0,142
"143",0,8,"F","Spanish",-1.57835659908663,NA,-3.35223875184233,19,6,NA,NA,NA,96,96,90,98,NA,NA,87,90,35,12,16,9,NA,89,97,NA,93,-1.8157,-0.0405,2.8177,-2.1739,26,8,NA,NA,NA,28,96,96,97,"Ineligible",0,143
"144",0,8,"M","English",-1.12537397356334,-1.32635896211292,NA,14,6,NA,NA,NA,86,80,90,101,NA,NA,NA,62,22,13,5,NA,NA,NA,88,NA,71,-3,-0.3832,1.8205,NA,0,5,NA,NA,NA,22,86,80,88,"Eligible",0,144
"145",0,8,"M","Spanish",-0.390667818710797,-0.546436875703482,3.61259344475337,22,11,NA,NA,NA,101,116,112,118,NA,NA,105,103,48,20,23,25,NA,109,116,NA,111,-0.3049,-0.0405,-0.2497,-2.5448,34,4,NA,NA,NA,31,101,116,116,"Ineligible",0,145
"146",0,8,"M","Spanish",-0.668721963692649,-0.374975373040272,-1.77883529516775,14,NA,NA,NA,NA,90,80,NA,76,NA,NA,NA,88,20,6,13,NA,NA,NA,78,NA,84,NA,NA,NA,NA,NA,NA,NA,NA,NA,NA,90,80,78,"Ineligible",0,146
"147",0,8,"M","Spanish",1.17101614512641,1.43786985430358,0.718168316565594,24,15,NA,NA,NA,90,113,112,120,NA,NA,101,91,52,23,21,28,NA,102,116,NA,102,0.2363,3,2.0741,0.496,37,9,NA,NA,NA,35,90,113,116,"Ineligible",0,147
"148",0,8,"F","Spanish",-1.7238381102141,-1.32635896211292,-2.62676218144035,12,NA,NA,NA,NA,83,91,NA,109,NA,NA,NA,97,29,16,19,NA,NA,NA,97,NA,93,NA,NA,NA,NA,NA,NA,NA,NA,NA,NA,83,91,97,"Ineligible",0,148
"149",0,8,"F","English",-1.38930986772342,-0.917452027844523,-0.351067821422443,23,10,NA,NA,NA,98,89,106,91,NA,NA,95,95,31,10,20,18,NA,92,90,NA,92,-1.159,-3,-0.8125,-0.9684,31,8,NA,NA,NA,22,98,89,90,"Ineligible",0,149
"150",0,8,"F","English",-1.55722570204291,-0.707424134511123,NA,24,11,NA,NA,NA,97,107,107,105,NA,NA,102,97,45,16,22,25,NA,102,106,NA,102,-0.3049,-0.3832,0.0734,-0.3377,39,8,NA,NA,NA,34,97,107,106,"Eligible",0,150
"151",0,8,"M","English",-2.06021461657662,NA,NA,38,16,NA,NA,NA,118,118,122,121,NA,NA,106,97,49,21,19,25,NA,109,119,NA,109,-3,-0.8958,-1.4223,-3,24,5,NA,NA,NA,NA,118,118,119,"Eligible",0,151
"152",1,8,"F","English",-0.216633648507619,-1.18168150785758,-0.661737175235652,22,10,NA,NA,NA,72,69,86,85,NA,69,68,72,29,13,18,7,8,69,75,65,68,0.689,NA,2.7989,-0.5566,31,7,0.7626,NA,NA,NA,72,69,75,"Ineligible",1,152
"153",1,8,"M","Spanish",-2.07722377408272,-0.34236044574786,-0.000604142515778817,18,11,NA,NA,NA,73,71,95,55,NA,65,NA,70,26,6,14,NA,4,NA,66,NA,70,0.0633,NA,2.8698,-0.4147,0,1,-2.451,NA,NA,NA,73,71,66,"Ineligible",1,153
"154",1,8,"F","Spanish",-0.437488158567049,-1.92892407558211,0.0942500360502637,17,10,NA,NA,NA,75,95,96,98,NA,102,84,95,42,16,25,15,30,90,96,89,95,1.4064,NA,1.962,-0.9988,36,10,0.1488,NA,NA,NA,75,95,96,"Ineligible",0,154
"155",0,11,"F","English",-1.11346554861167,-0.811418382211243,-2.74621760542591,11,4,NA,NA,NA,79,71,76,81,NA,NA,NA,81,16,7,11,NA,NA,NA,75,NA,75,-1.159,-0.8958,-1.088,-2.8199,30,3,NA,NA,NA,19,79,71,75,"Eligible",1,155
"156",0,11,"F","English",-1.29476476371619,-0.640556278494902,NA,10,5,NA,NA,NA,77,79,82,94,NA,NA,NA,68,20,10,6,NA,NA,NA,85,NA,73,-0.576,-2.0728,-0.5908,-0.6768,35,11,NA,NA,NA,22,77,79,85,"Eligible",0,156
"157",0,11,"F","English",-2.05304406560519,NA,NA,11,6,NA,NA,NA,74,70,86,88,NA,NA,NA,73,17,9,9,NA,NA,NA,77,NA,71,-3,-0.8958,-0.9804,-3,15,4,NA,NA,NA,NA,74,70,77,"Eligible",1,157
"158",0,11,"F","English",0.79911306006927,0.752676919566141,0.611955245164707,13,4,NA,NA,NA,81,81,73,95,NA,NA,NA,82,24,11,12,NA,NA,NA,87,NA,81,0.0554,-0.4606,-0.8125,NA,32,6,NA,NA,NA,7,81,81,87,"Eligible",0,158
"159",0,11,"F","Spanish",-0.152613523860519,0.192582402381903,0.561176709839457,13,2,NA,NA,NA,89,104,69,95,NA,NA,91,100,36,9,19,9,NA,98,100,NA,103,-3,-2.7925,-1.179,-2.7891,32,9,NA,NA,NA,37,89,104,100,"Ineligible",0,159
"160",0,11,"F","English",-0.387168901404737,1.4238709432874,0.714505744864266,12,6,NA,NA,NA,75,59,84,86,NA,NA,NA,40,13,9,4,NA,NA,NA,71,NA,49,-0.3049,-0.3832,1.5384,-0.8984,34,6,NA,NA,NA,19,75,59,71,"Eligible",1,160
"161",0,11,"F","English",-1.62107598079159,-1.38189951960544,NA,8,1,NA,NA,NA,63,53,50,55,NA,NA,NA,64,11,5,7,NA,NA,NA,56,NA,57,-3,-1.3621,0.0018,-3,19,5,NA,NA,NA,9,63,53,56,"Eligible",1,161
"162",0,11,"F","English",-0.621117544226879,0.679524372160167,1.51856787762657,17,7,NA,NA,NA,97,126,102,119,NA,NA,108,105,52,19,21,24,NA,116,123,NA,119,-0.3049,-0.8958,2.5601,-0.0191,35,5,NA,NA,NA,29,97,126,123,"Eligible",0,162
"163",0,11,"F","Spanish",-1.96020087023219,NA,NA,20,7,NA,NA,NA,90,88,92,95,NA,NA,81,92,31,12,19,7,NA,84,91,NA,89,-0.3049,-0.3832,-0.1227,-0.9502,15,9,NA,NA,NA,23,90,88,91,"Ineligible",0,163
"164",0,11,"F","English",0.838418853509968,0.466730940234801,-0.261767986475459,17,7,NA,NA,NA,94,119,99,115,NA,NA,102,106,49,18,23,20,NA,108,116,NA,98,-0.576,-0.4606,0.2755,-0.3177,48,6,NA,NA,NA,61,94,119,116,"Ineligible",0,164
"165",0,11,"F","Spanish",1.31283380113727,1.25484089172776,0.687990982253016,19,11,NA,NA,NA,90,125,107,115,NA,NA,83,97,57,20,22,8,NA,99,122,NA,114,-3,0.5786,1.5181,-2.9622,33,6,NA,NA,NA,30,90,125,122,"Eligible",0,165
"166",0,11,"F","Spanish",0.582634361335062,0.550453114585166,3.27550675886568,15,6,NA,NA,NA,82,87,84,95,NA,NA,74,84,30,12,15,2,NA,78,90,NA,85,-0.576,-0.4606,-1.11,-1.3293,26,5,NA,NA,NA,NA,82,87,90,"Eligible",0,166
"167",0,11,"F","English",0.861117652289531,0.908672529034294,2.20927793997201,14,6,NA,NA,NA,78,78,83,87,NA,NA,69,82,25,10,15,-3,NA,72,82,NA,79,-0.576,-0.8958,1.0258,-0.766,29,0,NA,NA,NA,13,78,78,82,"Eligible",1,167
"168",0,11,"F","English",1.03547582008736,0.535933103549792,0.87101095484968,23,13,NA,NA,NA,106,109,120,113,NA,NA,95,111,40,16,24,11,NA,104,111,NA,111,-0.576,-0.0405,0.3465,-2.3122,27,7,NA,NA,NA,24,106,109,111,"Eligible",0,168
"169",0,11,"F","English",1.11147171616644,-0.750282387803972,1.75514036947461,24,9,NA,NA,NA,106,115,110,98,NA,NA,105,107,44,10,22,21,NA,110,108,NA,113,-0.3049,-0.8958,1.0727,-0.6793,24,8,NA,NA,NA,31,106,115,108,"Eligible",0,169
"170",1,11,"F","English",-0.027640286134,-1.51563523163788,NA,45,21,NA,NA,NA,116,119,124,119,121,110,106,99,56,23,26,33,34,109,119,107,111,0.7586,NA,-0.0204,-0.5909,37,4,0.8808,NA,NA,NA,116,119,119,"Ineligible",0,170
"171",0,16,"M","English",-1.00854294614204,-1.57713413244355,0.0241510904426882,24,9,NA,NA,NA,94,116,99,117,NA,NA,91,116,52,21,31,16,NA,105,117,NA,116,0.2363,0.3921,1.7314,1.3485,39,9,NA,NA,NA,40,94,116,117,"Ineligible",0,171
"172",0,16,"M","English",0.0292852182987636,-1.49352860215347,1.16475573014846,26,15,NA,NA,NA,98,111,115,105,NA,NA,89,90,48,16,18,13,NA,95,109,NA,100,0.8399,0.3826,1.4423,-0.234,29,0,NA,NA,NA,36,98,111,109,"Eligible",0,172
"173",0,16,"M","English",-1.4394300340745,NA,NA,19,NA,NA,NA,NA,92,88,NA,105,NA,NA,NA,85,29,15,14,NA,NA,NA,94,NA,86,-0.576,-0.3832,-0.1219,-0.8494,15,6,NA,NA,NA,NA,92,88,94,"Ineligible",0,173
"174",0,16,"M","English",-0.26057555660846,0.352074548276862,0.10875689432388,26,16,NA,NA,NA,107,122,123,116,NA,NA,103,108,50,18,23,20,NA,112,120,NA,117,-0.576,2.8683,-0.5908,0.0968,39,9,NA,NA,NA,35,107,122,120,"Ineligible",0,174
"175",0,16,"M","English",0.155518011264786,-0.0748890216829784,0.740756291295575,25,13,NA,NA,NA,95,110,109,112,NA,NA,106,111,48,19,29,29,NA,110,111,NA,110,-0.3049,NA,0.2781,-2.6723,45,9,NA,NA,NA,37,95,110,111,"Ineligible",0,175
"176",0,16,"F","English",0.372387829398146,0.719242991558031,0.26848061242699,27,13,NA,NA,NA,101,111,112,124,NA,NA,102,111,47,23,28,24,NA,108,116,NA,111,NA,NA,NA,NA,NA,NA,NA,NA,NA,NA,101,111,116,"Ineligible",0,176
"177",0,16,"M","English",-1.20306727405641,NA,0.82932863888641,19,6,NA,NA,NA,99,100,93,97,NA,NA,79,94,31,10,16,2,NA,87,99,NA,95,0.2492,-0.8958,-0.5156,0.0968,28,6,NA,NA,NA,33,99,100,99,"Eligible",0,177
"178",0,16,"F","English",-1.39085762559713,NA,-1.73624771031897,19,5,NA,NA,NA,103,112,90,102,NA,NA,99,109,41,11,22,14,NA,107,108,NA,112,-0.3049,-1.8211,0.1438,0.0968,31,4,NA,NA,NA,22,103,112,108,"Ineligible",0,178
"179",1,16,"F","English",0.485373681252362,-0.140436404243228,-0.345237743174167,30,16,NA,NA,NA,76,79,96,85,89,87,88,84,39,14,25,28,24,85,81,87,80,0.2156,NA,0.2327,-0.5308,35,10,0.0639,NA,NA,NA,76,79,81,"Ineligible",0,179
"180",1,16,"M","Spanish",-0.978253775496855,-0.204001676099082,NA,25,13,NA,NA,NA,87,106,103,122,93,100,84,94,49,24,24,14,28,95,114,88,101,0.9109,NA,-1.0331,-1.054,30,6,-0.6765,NA,NA,NA,87,106,114,"Ineligible",0,180
"181",1,49,"F","Spanish",-0.0413498123116461,-0.430298640688393,-0.268923043459835,31,NA,NA,NA,NA,88,95,NA,94,NA,100,78,72,44,15,15,11,30,81,95,84,84,NA,NA,NA,NA,NA,NA,NA,NA,NA,NA,88,95,95,"NotReported",0,181
"182",1,49,"F","Spanish",0.824431058582672,0.638127941402286,-2.52250317149512,NA,NA,NA,NA,NA,NA,85,NA,102,NA,80,81,78,38,19,19,16,12,81,92,79,81,NA,NA,NA,NA,NA,NA,NA,NA,NA,NA,82,85,92,"NotReported",0,182
"183",1,49,"F","Spanish",-1.31662170379117,-0.952897626645445,-3.66127292746666,20,NA,NA,NA,NA,73,102,NA,104,NA,89,81,82,49,19,20,14,19,87,103,82,93,NA,NA,NA,NA,NA,NA,NA,NA,NA,NA,73,102,103,"NotReported",0,183
"184",1,49,"F","Spanish",0.260981429796189,0.610866882946406,NA,11,NA,NA,NA,NA,56,82,NA,95,NA,80,69,75,34,15,16,4,11,73,87,70,78,NA,NA,NA,NA,NA,NA,NA,NA,NA,NA,56,82,87,"NotReported",0,184
"185",1,49,"F","Spanish",-0.218964394319835,-0.192574716562378,-3.2430162261087,29,NA,NA,NA,NA,88,100,NA,103,NA,88,80,92,47,18,24,11,15,89,101,80,97,NA,NA,NA,NA,NA,NA,NA,NA,NA,NA,88,100,101,"NotReported",0,185
"186",1,49,"F","Spanish",-0.266236946323454,0.484153077019953,0.72866031525006,34,NA,NA,NA,NA,93,103,NA,105,NA,101,85,84,49,19,20,18,30,89,104,90,93,NA,NA,NA,NA,NA,NA,NA,NA,NA,NA,93,103,104,"NotReported",0,186
"187",1,49,"F","Spanish",0.777158506579053,0.872938274421649,1.88010774485075,24,NA,NA,NA,NA,75,98,NA,98,NA,94,80,74,49,18,18,16,24,84,98,82,87,NA,NA,NA,NA,NA,NA,NA,NA,NA,NA,75,98,98,"NotReported",0,187
"188",1,49,"M","Spanish",1.19823052353224,0.517587005028063,1.09073658593793,34,NA,NA,NA,NA,94,NA,NA,NA,NA,NA,NA,NA,NA,NA,NA,NA,NA,NA,NA,NA,NA,NA,NA,NA,NA,NA,NA,NA,NA,NA,NA,94,95,99,"NotReported",NA,188
"189",1,49,"F","Spanish",-1.33684900433341,-0.917770431205646,-3.73248039681278,15,NA,NA,NA,NA,59,74,NA,76,NA,76,83,64,32,10,14,20,11,75,76,78,68,NA,NA,NA,NA,NA,NA,NA,NA,NA,NA,59,74,76,"NotReported",1,189
"190",1,49,"M","Spanish",1.4571484085646,1.02017796139141,-0.191952638388155,46,NA,NA,NA,NA,104,108,NA,111,NA,111,104,84,54,22,22,38,39,96,109,106,96,NA,NA,NA,NA,NA,NA,NA,NA,NA,NA,104,108,109,"NotReported",0,190
"191",1,49,"F","Spanish",-0.161444993284066,-1.00865566775541,1.72890927583345,28,NA,NA,NA,NA,89,102,NA,97,NA,92,89,92,47,15,23,19,20,93,100,89,98,NA,NA,NA,NA,NA,NA,NA,NA,NA,NA,89,102,100,"NotReported",0,191
"192",1,49,"F","Spanish",-0.557659957816024,-0.440258618178281,-3.27770539071875,24,NA,NA,NA,NA,86,76,NA,80,NA,88,84,60,27,9,8,14,14,73,78,83,66,NA,NA,NA,NA,NA,NA,NA,NA,NA,NA,86,76,78,"NotReported",1,192
"193",1,49,"M","Spanish",-0.699087825521758,0.410263314897745,-0.497211675466068,15,NA,NA,NA,NA,58,81,NA,83,NA,86,77,62,37,12,13,13,19,74,82,78,71,NA,NA,NA,NA,NA,NA,NA,NA,NA,NA,58,81,82,"NotReported",0,193
"194",1,49,"F","Spanish",1.3231047355197,1.12047974541574,0.5020581610621,42,NA,NA,NA,NA,102,119,NA,109,NA,104,110,104,59,21,31,41,33,113,116,108,114,NA,NA,NA,NA,NA,NA,NA,NA,NA,NA,102,119,116,"NotReported",0,194
"195",1,49,"M","Spanish",-0.958668588304455,NA,-1.68159124363437,21,NA,NA,NA,NA,80,87,NA,98,NA,80,65,69,36,16,12,0,10,71,91,66,78,NA,NA,NA,NA,NA,NA,NA,NA,NA,NA,80,87,91,"NotReported",0,195
"196",1,49,"F","Spanish",-0.7467501658305,0.223230051282041,0.85591225940596,15,NA,NA,NA,NA,66,99,NA,92,NA,94,72,67,47,14,12,6,23,78,97,77,84,NA,NA,NA,NA,NA,NA,NA,NA,NA,NA,66,99,97,"NotReported",0,196
"197",1,49,"M","Spanish",0.213708877792571,0.189796123273931,0.80629963994509,24,NA,NA,NA,NA,79,103,NA,100,NA,100,94,97,50,18,28,27,30,97,102,95,100,NA,NA,NA,NA,NA,NA,NA,NA,NA,NA,79,103,102,"NotReported",0,197
"198",1,49,"F","Spanish",0.577634480290875,0.48954390487463,1.70404564799545,24,NA,NA,NA,NA,86,85,NA,97,NA,92,90,91,34,15,22,20,20,88,90,90,87,NA,NA,NA,NA,NA,NA,NA,NA,NA,NA,86,85,90,"NotReported",0,198
"199",1,49,"F","Spanish",1.10806637060439,0.838731509450947,NA,34,NA,NA,NA,NA,97,92,NA,88,NA,96,76,78,40,12,16,8,24,80,91,81,85,NA,NA,NA,NA,NA,NA,NA,NA,NA,NA,97,92,91,"NotReported",0,199
"200",1,49,"F","Spanish",-1.22207659978393,0.117082434834873,-0.259278808177916,23,6,NA,NA,NA,80,100,71,117,NA,89,83,89,47,23,22,14,18,89,107,83,95,NA,NA,NA,NA,NA,NA,NA,NA,NA,NA,80,100,107,"NotReported",0,200
"201",1,49,"F","Spanish",1.50442096056822,0.90637220242976,-0.289206988977322,26,9,NA,NA,NA,79,95,84,87,NA,99,99,96,46,13,28,33,30,97,92,95,95,NA,NA,NA,NA,NA,NA,NA,NA,NA,NA,79,95,92,"NotReported",0,201
"202",1,49,"F","Spanish",-1.51962789975779,NA,NA,18,6,NA,NA,NA,69,85,66,82,NA,86,80,88,37,11,23,14,17,83,84,80,85,NA,NA,NA,NA,NA,NA,NA,NA,NA,NA,69,85,84,"NotReported",0,202
"203",1,49,"M","Spanish",-0.102095136148358,-0.0835211332137879,1.83151665037713,16,6,NA,NA,NA,61,87,62,95,NA,83,76,80,41,17,21,12,17,80,90,76,83,NA,NA,NA,NA,NA,NA,NA,NA,NA,NA,61,87,90,"NotReported",0,203
"204",1,49,"M","Spanish",0.577634480290875,0.617888789052394,NA,9,6,NA,NA,NA,57,53,76,70,NA,58,NA,53,13,7,6,NA,1,NA,70,NA,47,NA,NA,NA,NA,NA,NA,NA,NA,NA,NA,57,53,70,"NotReported",1,204
"205",1,40,"M","Spanish",-0.632530509751901,0.154442836562518,-3.07797791339469,34,NA,NA,NA,NA,86,92,NA,97,NA,99,97,81,45,18,22,34,31,92,94,98,86,NA,NA,NA,NA,NA,NA,NA,NA,NA,NA,86,92,94,"NotReported",0,205
"206",1,40,"M","Spanish",-1.61524260644883,-1.59360260890006,-0.377686902200534,23,NA,NA,NA,NA,84,NA,NA,NA,NA,NA,NA,NA,NA,NA,NA,NA,NA,NA,NA,NA,NA,NA,NA,NA,NA,NA,NA,NA,NA,NA,NA,84,132,128,"NotReported",NA,206
"207",1,40,"M","Spanish",-1.28326513973969,NA,-3.57624198996316,26,NA,NA,NA,NA,87,79,NA,87,NA,72,80,80,29,11,17,10,5,80,83,76,80,NA,NA,NA,NA,NA,NA,NA,NA,NA,NA,87,79,83,"NotReported",0,207
"208",1,40,"M","Spanish",0.571513992955205,0.712925601373864,0.231933646879837,49,NA,NA,NA,NA,108,NA,NA,NA,NA,NA,NA,NA,NA,NA,NA,NA,NA,NA,NA,NA,NA,NA,NA,NA,NA,NA,NA,NA,NA,NA,NA,108,122,125,"NotReported",NA,208
"209",0,72,"M","Spanish",0.0646709177018787,NA,NA,29,NA,NA,NA,NA,98,NA,NA,NA,NA,NA,NA,NA,NA,NA,NA,NA,NA,NA,NA,NA,NA,NA,NA,NA,NA,NA,NA,NA,NA,NA,NA,98,130,134,"NotReported",NA,209
"210",0,72,"M","Spanish",-0.810539619703506,-0.640556278494902,NA,10,NA,NA,NA,NA,77,NA,NA,NA,NA,NA,NA,NA,NA,NA,NA,NA,NA,NA,NA,NA,NA,NA,NA,NA,NA,NA,NA,NA,NA,NA,NA,77,106,104,"NotReported",NA,210
"211",0,72,"F","Spanish",-0.769578380289979,NA,NA,11,NA,NA,NA,NA,68,NA,NA,NA,NA,NA,NA,NA,NA,NA,NA,NA,NA,NA,NA,NA,NA,NA,NA,NA,NA,NA,NA,NA,NA,NA,NA,68,121,121,"NotReported",NA,211
"212",0,72,"M","Spanish",-0.627760724279123,-0.585124418556233,NA,14,NA,NA,NA,NA,81,NA,NA,NA,NA,NA,NA,NA,NA,NA,NA,NA,NA,NA,NA,NA,NA,NA,NA,NA,NA,NA,NA,NA,NA,NA,NA,81,129,125,"NotReported",NA,212
"213",0,72,"M","Spanish",-0.150441129688135,1.03933507749961,0.324689934989265,21,NA,NA,NA,NA,90,NA,NA,NA,NA,NA,NA,NA,NA,NA,NA,NA,NA,NA,NA,NA,NA,NA,NA,NA,NA,NA,NA,NA,NA,NA,NA,90,124,122,"NotReported",NA,213
"214",0,72,"M","Spanish",-0.702078527744125,0.00434242341703937,-1.38713350493467,13,NA,NA,NA,NA,82,NA,NA,NA,NA,NA,NA,NA,NA,NA,NA,NA,NA,NA,NA,NA,NA,NA,NA,NA,NA,NA,NA,NA,NA,NA,NA,82,97,95,"NotReported",NA,214
"215",0,72,"M","Spanish",0.701538247913163,-0.1727871941134,NA,11,NA,NA,NA,NA,77,NA,NA,NA,NA,NA,NA,NA,NA,NA,NA,NA,NA,NA,NA,NA,NA,NA,NA,NA,NA,NA,NA,NA,NA,NA,NA,77,105,93,"NotReported",NA,215
"216",0,72,"M","Spanish",0.301033677719973,NA,-1.65873612620133,30,NA,NA,NA,NA,108,NA,NA,NA,NA,NA,NA,NA,NA,NA,NA,NA,NA,NA,NA,NA,NA,NA,NA,NA,NA,NA,NA,NA,NA,NA,NA,108,111,102,"NotReported",NA,216
"217",0,72,"M","Spanish",-0.103168577684516,NA,-2.64649511958799,17,NA,NA,NA,NA,87,NA,NA,NA,NA,NA,NA,NA,NA,NA,NA,NA,NA,NA,NA,NA,NA,NA,NA,NA,NA,NA,NA,NA,NA,NA,NA,87,102,104,"NotReported",NA,217
"218",0,72,"F","Spanish",0.24636321455062,0.691305043395584,NA,13,NA,NA,NA,NA,86,NA,NA,NA,NA,NA,NA,NA,NA,NA,NA,NA,NA,NA,NA,NA,NA,NA,NA,NA,NA,NA,NA,NA,NA,NA,NA,86,148,143,"NotReported",NA,218
"219",0,72,"M","Spanish",-0.179479541787073,NA,NA,22,NA,NA,NA,NA,96,NA,NA,NA,NA,NA,NA,NA,NA,NA,NA,NA,NA,NA,NA,NA,NA,NA,NA,NA,NA,NA,NA,NA,NA,NA,NA,96,115,106,"NotReported",NA,219
"220",0,72,"M","Spanish",-1.55699044429695,-1.48698691298927,NA,5,NA,NA,NA,NA,69,NA,NA,NA,NA,NA,NA,NA,NA,NA,NA,NA,NA,NA,NA,NA,NA,NA,NA,NA,NA,NA,NA,NA,NA,NA,NA,69,57,58,"NotReported",NA,220
"221",0,72,"F","Spanish",-0.32129719779793,-0.449695439092103,NA,8,NA,NA,NA,NA,65,NA,NA,NA,NA,NA,NA,NA,NA,NA,NA,NA,NA,NA,NA,NA,NA,NA,NA,NA,NA,NA,NA,NA,NA,NA,NA,65,68,62,"NotReported",NA,221
"222",1,72,"F","Spanish",0.137297332018606,0.172206807202433,-0.355051144279448,11,NA,NA,NA,NA,51,47,NA,64,NA,40,61,40,14,7,4,-2,0,45,55,49,40,NA,NA,NA,NA,NA,NA,NA,NA,NA,NA,51,47,55,"NotReported",1,222
"223",1,72,"M","Spanish",-0.29984903312705,0.403842934528413,0.026158002954074,15,NA,NA,NA,NA,62,42,NA,64,NA,40,61,51,12,7,8,-2,0,51,51,49,42,NA,NA,NA,NA,NA,NA,NA,NA,NA,NA,62,42,51,"NotReported",1,223
"224",1,72,"F","Spanish",0.37496253096444,-0.847342227776474,0.0196147145184783,25,NA,NA,NA,NA,88,89,NA,108,NA,97,67,88,36,19,20,-3,25,77,96,75,88,NA,NA,NA,NA,NA,NA,NA,NA,NA,NA,88,89,96,"NotReported",0,224
"225",1,72,"F","Spanish",-0.85472727054194,-1.05125530113693,0.411147046137583,9,NA,NA,NA,NA,57,57,NA,59,NA,54,NA,46,15,6,5,NA,1,NA,59,NA,49,NA,NA,NA,NA,NA,NA,NA,NA,NA,NA,57,57,59,"NotReported",1,225
"226",1,72,"M","Spanish",-0.231201808557132,-0.0458206631642379,-0.380768215412369,17,NA,NA,NA,NA,63,48,NA,77,NA,57,NA,60,15,10,12,NA,3,NA,60,NA,50,NA,NA,NA,NA,NA,NA,NA,NA,NA,NA,63,48,60,"NotReported",1,226
"227",1,72,"F","Spanish",-1.66144555576865,NA,0.982089661355137,11,NA,NA,NA,NA,49,74,NA,94,NA,57,NA,55,31,16,10,NA,3,NA,82,NA,63,NA,NA,NA,NA,NA,NA,NA,NA,NA,NA,49,74,82,"NotReported",1,227
"228",1,72,"F","Spanish",-1.28326513973969,-0.422784354055859,NA,9,NA,NA,NA,NA,55,57,NA,59,NA,60,NA,66,15,6,10,NA,2,NA,59,NA,59,NA,NA,NA,NA,NA,NA,NA,NA,NA,NA,55,57,59,"NotReported",1,228
"229",1,72,"M","Spanish",-1.31240974923413,0.284601927452599,0.0955773806910882,15,NA,NA,NA,NA,62,42,NA,82,NA,40,61,54,12,11,9,-1,0,52,58,49,44,NA,NA,NA,NA,NA,NA,NA,NA,NA,NA,62,42,58,"NotReported",1,229
"230",1,72,"M","Spanish",-1.56656858429926,0.849668109067161,NA,24,NA,NA,NA,NA,75,101,NA,114,NA,102,95,79,50,23,20,29,32,93,106,97,91,NA,NA,NA,NA,NA,NA,NA,NA,NA,NA,75,101,106,"NotReported",0,230
"231",1,72,"M","Spanish",-2.38203345979942,-1.03693737369235,-0.627110164011069,11,NA,NA,NA,NA,42,52,NA,80,NA,64,61,59,20,12,14,4,6,55,66,58,54,NA,NA,NA,NA,NA,NA,NA,NA,NA,NA,42,52,66,"NotReported",1,231
"232",1,72,"M","Spanish",-1.07279887950409,-1.04176341459222,NA,13,NA,NA,NA,NA,62,67,NA,74,NA,67,NA,65,22,8,11,NA,4,NA,70,NA,64,NA,NA,NA,NA,NA,NA,NA,NA,NA,NA,62,67,70,"NotReported",1,232
"233",1,72,"F","Spanish",0.682422880319915,-0.350037939893452,-0.969355295805038,48,NA,NA,NA,NA,105,93,NA,106,NA,90,95,95,49,21,29,32,22,95,99,52,48,NA,NA,NA,NA,NA,NA,NA,NA,NA,NA,105,93,99,"NotReported",0,233
"234",1,72,"F","Spanish",-0.85472727054194,-0.170567748090972,NA,24,NA,NA,NA,NA,84,97,NA,92,NA,91,89,83,43,13,18,19,19,89,95,88,90,NA,NA,NA,NA,NA,NA,NA,NA,NA,NA,84,97,95,"NotReported",0,234
"235",0,72,"M","Spanish",-0.72230582828636,0.201904363715054,NA,14,6,NA,NA,NA,76,113,82,107,NA,NA,99,98,50,17,23,24,NA,103,111,NA,107,-1.159,-0.8958,-1.0888,-1.5732,29,4,NA,NA,NA,29,76,113,111,"NotReported",0,235
"236",0,72,"F","English",0.803146198331046,1.7014469927275,NA,14,4,NA,NA,NA,72,102,63,115,NA,NA,95,93,45,21,22,23,NA,96,107,NA,97,0.2363,-0.8958,0.6108,-0.8494,30,5,NA,NA,NA,19,72,102,107,"NotReported",0,236
"237",0,72,"F","English",-0.368179961496426,1.18734760143196,0.00707228195688279,46,17,NA,NA,NA,111,120,110,129,118,121,121,109,59,27,32,49,44,120,125,121,118,0.2363,0.6081,2.0356,1.3485,34,NA,NA,NA,NA,49,111,120,125,"NotReported",0,237
"238",0,72,"F","English",-0.32129719779793,-0.449695439092103,-1.29326734549082,12,5,NA,NA,NA,73,67,75,66,NA,NA,NA,67,17,6,8,NA,NA,NA,68,NA,66,-0.3049,-0.8958,2.9784,-0.0566,28,8,NA,NA,NA,NA,73,67,68,"NotReported",1,238
"239",1,72,"M","Spanish",0.804028220273634,0.738429725426616,-2.64494178721457,24,11,NA,NA,NA,80,86,94,95,73,94,86,88,37,15,22,19,23,86,90,88,86,-0.1566,NA,-0.0204,3,25,7,0.3369,NA,NA,NA,80,86,90,"NotReported",0,239
"240",1,72,"M","Spanish",1.05641286752138,NA,NA,48,NA,NA,NA,NA,109,116,NA,114,111,104,120,87,58,23,23,50,33,111,116,115,102,NA,NA,NA,NA,NA,NA,NA,NA,NA,NA,109,116,116,"NotReported",0,240
"241",1,72,"M","Spanish",-0.985713839765838,0.284252074875424,NA,27,11,NA,NA,NA,91,116,99,106,101,106,85,91,54,18,21,12,31,95,113,90,104,-3,NA,0.5605,-1.2633,18,5,-0.6041,NA,NA,NA,91,116,113,"NotReported",0,241
"242",1,72,"M","English",-0.0298741863053591,-0.406824690170171,0.829209771559393,25,7,NA,NA,NA,88,110,85,109,99,110,96,94,50,19,23,24,33,99,110,100,102,-1.2522,NA,1.6635,-0.4193,25,6,-0.6041,NA,NA,NA,88,110,110,"NotReported",0,242
"243",1,72,"M","English",-1.11296999137541,-0.884336503197536,NA,19,8,NA,NA,NA,68,68,79,52,65,40,65,60,27,6,12,4,0,64,63,51,62,-0.4614,NA,0.2327,-2.2275,50,6,-0.1027,NA,NA,NA,68,68,63,"NotReported",1,243
"244",1,72,"F","English",0.355526533803427,-1.00832948658411,-3.12758630296648,31,10,NA,NA,NA,92,98,93,88,88,95,84,92,45,12,24,16,23,90,94,87,95,-0.1684,NA,0.6741,-2.4584,33,5,0.0639,NA,NA,NA,92,98,94,"NotReported",0,244
"245",1,72,"F","Spanish",-0.320907409492807,-0.159140788554268,-1.63923092948261,20,12,NA,NA,NA,76,82,97,95,67,84,69,76,33,15,16,3,13,73,87,71,78,0.1744,NA,1.1851,-1.144,21,9,-2.4405,NA,NA,NA,76,82,87,"NotReported",0,245
"246",1,72,"F","Spanish",0.0151622541426812,0.183950290851094,NA,17,6,NA,NA,NA,74,71,74,82,60,59,71,58,24,10,8,4,2,65,76,62,63,NA,NA,NA,NA,NA,NA,NA,NA,NA,NA,74,71,76,"NotReported",1,246
"247",1,72,"M","Spanish",-0.575894097720704,-0.226008644570488,-0.0140097744842988,50,17,NA,NA,NA,115,108,109,95,92,107,118,99,52,15,28,46,34,111,102,115,104,0.7586,NA,0.3619,0.1041,46,6,0.6608,NA,NA,NA,115,108,102,"NotReported",0,247
"248",1,72,"F","Spanish",-0.0595268456805253,0.171971823195685,1.20040713621697,30,13,NA,NA,NA,86,91,97,88,90,88,94,90,42,13,24,27,19,92,90,91,90,NA,NA,NA,NA,NA,NA,NA,NA,NA,NA,86,91,90,"NotReported",0,248
"249",1,72,"M","Spanish",-1.95198384481692,-1.04176341459222,-2.41556844366761,42,14,NA,NA,NA,103,104,101,102,100,89,88,99,50,18,28,21,19,95,103,87,101,-0.1566,NA,0.1985,-0.4381,25,9,-0.8828,NA,NA,NA,103,104,103,"NotReported",0,249
"250",1,72,"M","English",1.50442096056822,1.6199609566492,-0.0762849462245317,52,22,NA,NA,NA,115,116,119,108,123,107,114,100,58,21,30,45,36,113,114,112,111,0.7586,NA,2.3359,2.2113,49,10,0.6743,NA,NA,NA,115,116,114,"NotReported",0,250
"251",1,72,"M","English",-0.226362305485569,NA,NA,46,18,NA,NA,NA,115,116,115,135,113,108,106,100,55,28,27,34,33,109,124,107,110,-0.1684,NA,0.4329,0.0849,40,12,-0.2566,NA,NA,NA,115,116,124,"NotReported",0,251
"252",1,72,"M","English",-0.0319088147119842,-0.532031300088657,-2.81850933758362,36,12,NA,NA,NA,91,99,92,99,81,102,96,88,49,18,24,30,32,95,99,98,94,-0.1684,NA,1.2022,1.0568,45,11,0.9817,NA,NA,NA,91,99,99,"NotReported",0,252
"253",1,72,"F","English",-1.08025894377308,-0.785727986604894,NA,15,8,NA,NA,NA,71,80,89,92,NA,79,70,79,30,13,16,3,9,73,85,70,79,0.7586,NA,2.3217,-0.6644,27,7,0.0639,NA,NA,NA,71,80,85,"NotReported",0,253
"254",1,72,"M","English",0.633518367949385,0.674635032977522,-0.131165229699959,46,21,NA,NA,NA,109,117,119,113,97,107,112,101,57,22,29,41,34,112,116,111,111,0.9109,NA,1.9108,0.1616,34,11,0.4646,NA,NA,NA,109,117,116,"NotReported",0,254
"255",0,72,"M","Spanish",-0.214791503306655,NA,-2.80772138934602,22,6,NA,NA,NA,101,102,92,97,NA,NA,97,103,36,10,21,14,NA,100,100,NA,103,-1.3386,-3,-1.9268,-1.1193,33,NA,NA,NA,NA,30,101,102,100,"NotReported",0,255
"256",0,72,"M","Spanish",0.84335590392402,NA,NA,10,6,NA,NA,NA,78,95,92,102,NA,NA,79,92,30,12,15,2,NA,86,97,NA,94,-3,-0.8958,-1.025,-3,0,NA,NA,NA,NA,12,78,95,97,"NotReported",0,256
"257",0,72,"M","Spanish",-0.843896183754982,-0.449695439092103,NA,13,6,NA,NA,NA,75,77,83,93,NA,NA,NA,83,23,11,14,NA,NA,NA,83,NA,79,-1.159,-0.4623,-1.9114,-2.8969,26,6,NA,NA,NA,31,75,77,83,"NotReported",1,257
"258",0,72,"M","Spanish",-0.415842301805167,-0.841159846543563,NA,17,4,NA,NA,NA,80,86,65,96,NA,NA,68,84,31,13,16,-6,NA,75,90,NA,84,-3,-3,0.6661,-2.5426,25,NA,NA,NA,NA,28,80,86,90,"NotReported",0,258
"259",0,72,"F","English",0.0572730065361444,0.557569331363143,NA,14,6,NA,NA,NA,80,90,84,113,NA,NA,73,94,33,19,20,1,NA,88,98,NA,92,-0.576,-0.3832,-0.2497,0.498,32,7,NA,NA,NA,28,80,90,98,"NotReported",0,259
"260",0,72,"M","English",-1.63759362400859,NA,NA,39,13,NA,NA,NA,119,128,117,125,NA,NA,112,108,55,22,24,29,NA,119,127,NA,112,0.2363,0.3921,1.3057,-1.2951,26,8,NA,NA,NA,46,119,128,127,"NotReported",0,260
"261",0,72,"F","English",-0.438670516264647,0.823883184955732,NA,13,6,NA,NA,NA,86,74,92,76,NA,NA,NA,88,16,6,13,NA,NA,NA,75,NA,80,-1.2925,-0.8958,0.377,-1.2951,37,5,NA,NA,NA,26,86,74,75,"NotReported",1,261
"262",0,72,"M","English",1.32314427037085,1.17924365908428,0.802620342335312,18,11,NA,NA,NA,99,128,115,127,NA,NA,100,109,53,22,22,15,NA,114,128,NA,112,-0.3049,0.2485,0.5959,-0.9684,28,8,NA,NA,NA,15,99,128,128,"NotReported",0,262
"263",0,72,"M","English",1.17678660534368,0.978640091035618,NA,25,13,NA,NA,NA,99,118,112,107,NA,NA,NA,106,51,16,25,NA,NA,NA,114,NA,115,-0.3049,2.8683,1.6042,-0.6636,31,7,NA,NA,NA,28,99,118,114,"NotReported",0,263
"264",0,72,"M","English",-0.533215620271885,0.757015328939512,-1.15967086637854,8,6,NA,NA,NA,69,84,87,96,NA,NA,NA,87,25,11,14,NA,NA,NA,89,NA,85,-0.3049,-3,-0.9855,-0.6636,27,7,NA,NA,NA,NA,69,84,89,"NotReported",0,264
"265",0,72,"F","English",-0.654805975740506,0.518289570932196,NA,18,6,NA,NA,NA,92,99,89,74,NA,NA,94,97,36,6,19,14,NA,96,89,NA,98,-1.159,-3,-1.025,NA,NA,NA,NA,NA,NA,26,92,99,89,"NotReported",0,265
"266",0,72,"F","English",1.72260954665143,1.40433918758931,NA,14,6,NA,NA,NA,90,105,93,106,NA,NA,83,107,37,13,22,4,NA,97,105,NA,107,-3,-0.4606,-0.5056,-0.6636,34,6,NA,NA,NA,33,90,105,105,"NotReported",0,266
"267",0,72,"F","English",0.48788777417887,1.04550794705184,NA,25,11,NA,NA,NA,102,113,110,117,NA,NA,92,105,46,19,23,12,NA,103,115,NA,111,-0.3049,0.3826,-0.448,-0.8984,36,5,NA,NA,NA,35,102,113,115,"NotReported",0,267
"268",0,72,"M","English",1.03496894933282,0.490701475346923,1.46257472538865,20,9,NA,NA,NA,87,108,97,99,NA,NA,94,98,47,14,23,19,NA,99,105,NA,104,0.2363,0.3921,-0.9855,-0.6209,43,6,NA,NA,NA,37,87,108,105,"NotReported",0,268
"269",0,72,"F","English",0.5731933637354,1.40788112255141,0.948848678124268,23,12,NA,NA,NA,98,124,111,131,NA,NA,107,110,54,25,26,26,NA,115,127,NA,120,0.2363,-0.3935,1.7952,-0.6636,44,8,NA,NA,NA,23,98,124,127,"NotReported",0,269
"270",1,72,"F","English",-1.57483052844517,0.156362195265821,0.192567139934109,44,14,NA,NA,NA,104,102,99,117,94,101,91,91,50,24,25,25,31,94,108,94,96,0.7586,NA,2.0669,-0.323,42,11,0.6106,NA,NA,NA,104,102,108,"NotReported",0,270
"271",1,72,"F","English",0.851300772277253,0.644300810954516,1.08703075083348,47,14,NA,NA,NA,112,110,102,99,107,87,82,97,53,17,27,14,15,93,106,82,104,-0.1566,NA,0.969,-0.9218,27,8,0.8808,NA,NA,NA,112,110,106,"NotReported",0,271
"272",1,72,"M","English",2.02067160731033,1.50084342467884,1.13231237368685,56,24,NA,NA,NA,125,124,127,126,125,120,131,115,61,26,34,60,43,128,126,128,123,1.4158,NA,1.0378,-0.4549,54,8,0.6854,NA,NA,NA,125,124,126,"NotReported",0,272
"273",1,72,"F","English",0.845878741318349,-0.616865079132654,NA,47,12,NA,NA,NA,116,114,101,107,93,110,110,98,54,19,26,38,35,110,112,110,108,0.2156,NA,0.8183,0.09,34,8,0.9003,NA,NA,NA,116,114,112,"NotReported",0,273
"274",1,72,"M","English",1.06079381860077,0.805297581442837,NA,50,20,NA,NA,NA,118,108,118,127,106,109,123,103,51,26,29,49,35,115,116,118,107,0.9109,NA,0.2677,0.4366,32,10,0.9873,NA,NA,NA,118,108,116,"NotReported",0,274
"275",1,72,"F","English",0.467698325289398,0.0894943392496004,NA,40,13,NA,NA,NA,96,103,95,101,92,95,95,89,52,19,25,29,27,95,103,89,96,0.7586,NA,0.4238,-0.323,28,6,0.9824,NA,NA,NA,96,103,103,"NotReported",0,275
"276",1,72,"M","English",1.15095797152862,0.738429725426616,NA,48,22,NA,NA,NA,112,109,121,122,108,97,99,98,53,25,28,30,27,101,114,97,104,0.7586,NA,0.8557,-0.0529,33,7,0.9817,NA,NA,NA,112,109,114,"NotReported",0,276
"277",1,72,"F","Filipino (Pilipino or Tagalog)",-0.911396036300836,-0.616865079132654,NA,23,12,NA,NA,NA,83,116,99,113,99,106,96,96,55,21,25,25,32,102,115,99,108,-3,NA,0.2475,-0.8073,27,8,-0.6041,NA,NA,NA,83,116,115,"NotReported",0,277
"278",1,72,"M","English",1.4571484085646,1.02017796139141,NA,51,17,NA,NA,NA,112,114,105,119,108,109,112,104,58,25,32,44,38,112,117,110,112,0.7586,NA,1.9228,-0.3721,48,8,0.2725,NA,NA,NA,112,114,117,"NotReported",0,278
"279",1,72,"F","English",0.914595211510524,1.55309310063298,1.81723330006482,50,15,NA,NA,NA,110,98,99,101,88,103,102,106,49,19,33,37,33,107,99,106,102,0.2156,NA,-0.2308,-0.2986,46,8,0.6608,NA,NA,NA,110,98,99,"NotReported",0,279
"280",1,72,"M","English",-1.14144748372884,-0.141756877699199,-0.996405577035024,34,12,NA,NA,NA,99,105,102,104,90,96,96,98,47,17,25,25,22,100,104,97,102,1.5227,NA,0.358,-2.4165,36,8,0.0639,NA,NA,NA,99,105,104,"NotReported",0,280
"281",1,72,"M","English",0.377693230298476,0.510565098922075,NA,28,13,NA,NA,NA,82,88,96,97,81,88,80,84,41,17,22,15,20,83,92,81,85,0.7586,NA,1.4379,-0.4704,38,10,-0.3543,NA,NA,NA,82,88,92,"NotReported",0,281
"282",1,72,"F","English",-0.410290713889889,-0.426612212619149,NA,13,5,NA,NA,NA,50,51,47,50,55,49,NA,48,18,6,9,NA,2,NA,51,NA,43,-0.1566,NA,-0.0204,-2.7928,16,5,0.7626,NA,NA,NA,50,51,51,"NotReported",1,282
"283",1,72,"M","English",1.40987585656098,1.55309310063298,NA,59,22,NA,NA,NA,124,125,117,130,103,117,121,106,64,28,33,49,43,119,129,117,120,1.8997,NA,0.5605,2.4884,40,12,1.4555,NA,NA,NA,124,125,129,"NotReported",0,283
"284",1,72,"M","English",1.13401452750522,0.571260085386065,1.66618497685908,47,12,NA,NA,NA,105,107,91,96,88,110,103,113,54,17,35,38,39,107,102,106,111,0.7586,NA,1.9992,1.4425,55,12,0.8808,NA,NA,NA,105,107,102,"NotReported",0,284
"285",0,29,"F","Spanish",-0.845321047874009,-0.946711738121932,-2.05502650895191,7,2,NA,NA,NA,74,88,69,104,NA,NA,NA,88,22,12,11,NA,NA,NA,94,NA,88,-3,-2.1095,-0.4061,-1.1518,22,1,NA,NA,NA,NA,74,88,94,"Ineligible",0,285
"286",0,29,"F","English",-0.952025408252212,-0.726687571061573,1.76457810748505,22,13,NA,NA,NA,95,98,112,110,NA,NA,88,108,39,18,27,12,NA,96,102,NA,102,0.7616,1.3101,3,2.2107,21,10,NA,NA,NA,29,95,98,102,"Ineligible",0,286
"287",0,29,"F","Spanish",-0.287456646498513,-0.750282387803972,2.84459677415919,10,4,NA,NA,NA,83,84,82,85,NA,NA,NA,89,22,7,13,NA,NA,NA,85,NA,86,-0.3049,-0.8958,-0.9804,1.8089,38,6,NA,NA,NA,NA,83,84,85,"Eligible",0,287
"288",0,29,"F","Spanish",-0.621117544226879,0.23063938800635,NA,12,5,NA,NA,NA,88,90,88,103,NA,NA,80,97,25,12,17,2,NA,86,95,NA,93,-0.9551,-0.8958,1.271,-0.5119,29,3,NA,NA,NA,16,88,90,95,"Ineligible",0,288
"289",0,29,"M","English",-0.900341865909046,-0.640556278494902,1.15037398841827,11,6,NA,NA,NA,79,81,90,71,NA,NA,NA,79,24,6,11,NA,NA,NA,78,NA,80,-1.0638,-0.3832,0.0734,-0.6636,38,NA,NA,NA,NA,34,79,81,78,"Ineligible",0,289
"290",0,29,"M","English",1.67131419896414,1.74377294066666,NA,53,23,NA,NA,NA,133,133,135,119,NA,NA,106,100,59,20,21,25,NA,115,128,NA,121,NA,NA,NA,NA,NA,NA,NA,NA,NA,NA,133,133,128,"Ineligible",0,290
"291",0,29,"M","English",-2.27020359236261,NA,-3.25159778925157,5,2,NA,NA,NA,45,52,42,42,NA,NA,NA,62,10,3,6,NA,NA,NA,50,NA,55,-1.159,-1.5899,-0.421,NA,NA,6,NA,NA,NA,NA,45,52,50,"Ineligible",1,291
"292",0,29,"M","Spanish",-1.01487839427978,-1.1916492785238,NA,10,6,NA,NA,NA,73,76,87,96,NA,NA,NA,82,21,12,13,NA,NA,NA,84,NA,78,-1.7629,-3,-1.8059,-3,40,3,NA,NA,NA,29,73,76,84,"Ineligible",1,292
"293",0,29,"M","English",-1.29761237806365,NA,NA,10,2,NA,NA,NA,77,85,64,99,NA,NA,77,88,25,12,14,2,NA,80,91,NA,87,-3,-0.4606,-2.2536,-0.7962,25,3,NA,NA,NA,19,77,85,91,"Ineligible",0,293
"294",0,29,"F","English",-1.85769635446354,-1.21472987956489,NA,8,3,NA,NA,NA,72,71,70,90,NA,NA,NA,76,16,9,9,NA,NA,NA,79,NA,73,-0.576,-2.4737,1.1131,-0.0191,22,NA,NA,NA,NA,8,72,71,79,"Ineligible",1,294
"295",0,29,"F","Spanish",-1.60449825404653,-1.64417246952538,-3.30265030333585,6,2,NA,NA,NA,63,62,60,68,NA,NA,NA,72,14,6,9,NA,NA,NA,63,NA,66,-3,-3,-1.025,-3,0,NA,NA,NA,NA,NA,63,62,63,"Eligible",1,295
"296",0,29,"F","English",-1.09417493172522,NA,0.446716993108605,19,8,NA,NA,NA,85,89,94,86,NA,NA,NA,90,35,10,20,NA,NA,NA,89,NA,89,0.2363,0.5322,-1.1992,-2.5448,38,NA,NA,NA,NA,25,85,89,89,"Ineligible",0,296
"297",0,29,"F","English",-0.166030452601222,-0.991045710475141,-0.86182203255611,10,2,NA,NA,NA,83,78,71,79,NA,NA,NA,77,17,6,7,NA,NA,NA,79,NA,78,-1.159,-2.4737,-0.888,-1.0478,29,NA,NA,NA,NA,NA,83,78,79,"Ineligible",1,297
"298",1,73,"M","Spanish",0.56766546025554,0.839504346413539,1.82066858133599,21,13,NA,NA,NA,70,77,94,93,NA,88,77,71,34,16,17,14,21,75,83,79,73,-0.1684,NA,-0.9977,-1.1268,26,4,-1.1195,NA,NA,NA,70,77,83,"NotReported",1,298
"299",1,73,"M","English",-1.31662170379117,-0.952897626645445,-2.61415898324319,24,17,NA,NA,NA,78,95,107,100,NA,89,77,90,45,18,24,11,20,85,97,79,92,-0.1684,NA,-1.3166,-2.4584,26,8,-0.6386,NA,NA,NA,78,95,97,"NotReported",0,299
"300",1,73,"M","Spanish",0.44625064255372,0.370656517337404,1.30006963931466,19,6,NA,NA,NA,60,65,55,69,NA,75,54,70,29,9,19,0,13,62,66,57,65,-0.1566,NA,-1.0374,-1.0996,37,5,-0.6041,NA,NA,NA,60,65,66,"NotReported",1,300
"301",1,73,"M","English",0.0531952916955917,NA,-1.92793448234626,32,11,NA,NA,NA,92,92,95,81,NA,92,86,88,41,10,22,19,21,88,88,87,89,-0.966,NA,0.4882,-2.6744,33,7,0.0639,NA,NA,NA,92,92,88,"NotReported",0,301
"302",1,73,"M","English",1.22855963151246,0.383851292995623,-1.69310160271865,30,15,NA,NA,NA,84,79,100,89,NA,79,73,73,34,14,17,9,12,74,83,72,75,0.689,NA,0.4363,0.0121,38,8,0.5012,NA,NA,NA,84,79,83,"NotReported",0,302
"303",1,73,"F","English",0.672179584298113,1.20727755450275,-0.00223177899178899,21,11,NA,NA,NA,83,87,99,108,NA,94,89,88,35,19,20,18,21,87,95,89,87,0.7539,NA,0.4329,-0.0032,33,NA,0.8996,NA,NA,NA,83,87,95,"NotReported",0,303
"304",1,73,"F","Spanish",-1.03298639176946,-0.908027702559784,NA,17,9,NA,NA,NA,75,80,93,92,NA,86,67,81,30,13,17,1,13,73,85,70,79,-1.2522,NA,0.1693,-3,22,5,-1.1195,NA,NA,NA,75,80,85,"NotReported",0,304
"305",1,73,"M","Spanish",-1.82994988523059,NA,NA,39,9,NA,NA,NA,96,96,84,89,NA,92,96,86,47,14,23,30,23,93,94,93,91,-0.4614,NA,-0.6,-0.5909,50,7,-1.1557,NA,NA,NA,96,96,94,"NotReported",0,305
"306",1,73,"M","Spanish",0.213708877792571,-0.784034719173205,-1.04177917568503,42,14,NA,NA,NA,101,102,99,105,NA,98,101,91,50,20,25,35,29,98,103,100,96,-1.2522,NA,1.3817,-2.7928,50,4,-0.6041,NA,NA,NA,101,102,103,"NotReported",0,306
"307",1,73,"F","English",0.402799085807046,NA,NA,30,12,NA,NA,NA,92,99,99,94,NA,93,91,90,45,14,22,22,21,93,97,91,94,0.7586,NA,0.4882,0.0141,40,9,0.7332,NA,NA,NA,92,99,97,"NotReported",0,307
"308",1,73,"M","English",0.777158506579053,0.350417364987512,1.44803735355156,25,12,NA,NA,NA,75,87,91,88,NA,90,85,86,41,14,24,22,22,86,87,85,86,-0.1684,NA,-2.0716,-0.7944,45,6,-0.551,NA,NA,NA,75,87,87,"NotReported",0,308
"309",1,73,"M","English",0.893151293321968,0.778036522986957,-1.00246033361222,57,25,NA,NA,NA,131,129,132,132,NA,117,114,101,62,27,27,40,40,118,131,115,120,0.7586,NA,2.0844,-0.323,34,8,0.7305,NA,NA,NA,131,129,131,"NotReported",0,309
"310",1,73,"M","Spanish",-0.40805460233431,-0.326310428594818,-2.51720163173638,36,22,NA,NA,NA,91,101,118,111,NA,109,100,102,50,22,31,35,38,101,105,103,101,0.2156,NA,1.9162,2.5753,44,9,0.8808,NA,NA,NA,91,101,105,"NotReported",0,310
"311",1,73,"F","English",-0.00755003214112024,-0.850902575189425,-0.513780066619406,32,14,NA,NA,NA,86,92,97,97,NA,87,89,96,44,17,28,24,19,91,94,87,93,-0.1566,NA,0.1985,-2.9311,39,4,0.9177,NA,NA,NA,86,92,94,"NotReported",0,311
"312",1,73,"F","Spanish",-1.33053769174331,-0.507126474194502,NA,35,20,NA,NA,NA,95,107,117,120,NA,105,95,92,51,24,24,26,32,98,113,98,100,0.2156,NA,-0.0204,-0.7923,45,8,3,NA,NA,NA,95,107,113,"NotReported",0,312
"313",1,73,"M","English",-0.717711753731561,NA,NA,26,13,NA,NA,NA,78,102,95,119,NA,97,72,85,51,25,23,9,29,84,109,79,94,-0.1566,NA,NA,-3,NA,7,-0.4421,NA,NA,NA,78,102,109,"NotReported",0,313
"314",0,73,"M","Spanish",-1.03298639176946,-0.406824690170171,-1.23907501348109,19,9,NA,NA,NA,82,78,95,94,NA,NA,69,87,27,13,19,1,NA,74,85,NA,82,-3,-0.8958,0.7322,-2.5676,30,3,NA,NA,NA,20,82,78,85,"NotReported",1,314
"315",0,73,"M","English",-0.292258785698991,NA,NA,15,6,NA,NA,NA,75,81,79,94,NA,NA,67,73,29,13,12,0,NA,70,86,NA,76,NA,NA,NA,NA,NA,NA,NA,NA,NA,NA,75,81,86,"NotReported",0,315
"316",0,73,"M","English",-0.843896183754982,-0.27308897813773,NA,15,6,NA,NA,NA,80,79,83,94,NA,NA,NA,73,25,12,10,NA,NA,NA,85,NA,75,-1.7629,-3,-0.6062,-0.8494,36,3,NA,NA,NA,18,80,79,85,"NotReported",0,316
"317",0,73,"M","English",0.204252462157157,0.457267547338813,NA,19,6,NA,NA,NA,82,77,79,92,NA,NA,NA,75,25,12,12,NA,NA,NA,83,NA,75,-0.3049,-0.4606,-0.888,-1.2252,40,0,NA,NA,NA,24,82,77,83,"NotReported",1,317
"318",0,73,"F","English",0.465175487895069,-0.841159846543563,-2.11632537894194,21,8,NA,NA,NA,86,100,93,102,NA,NA,87,92,43,16,21,14,NA,91,101,NA,96,NA,NA,NA,NA,NA,NA,NA,NA,NA,NA,86,100,101,"NotReported",0,318
"319",0,73,"M","English",0.897691302338284,0.751624501084835,NA,19,5,NA,NA,NA,83,84,72,96,NA,NA,81,84,30,13,16,8,NA,83,89,NA,84,NA,NA,NA,NA,NA,NA,NA,NA,NA,NA,83,84,89,"NotReported",0,319
"320",0,73,"F","English",1.27133170935092,0.790449256947622,0.374512007716191,21,10,NA,NA,NA,97,112,107,108,NA,NA,102,110,46,16,26,22,NA,108,111,NA,112,-0.3049,-0.4606,1.906,-0.3177,33,6,NA,NA,NA,33,97,112,111,"NotReported",0,320
"321",0,73,"M","English",0.293635766554239,NA,NA,20,8,NA,NA,NA,99,92,104,101,NA,NA,88,91,29,12,15,8,NA,91,92,NA,89,-1.159,-1.3621,-0.9576,-2.8969,20,6,NA,NA,NA,17,99,92,92,"NotReported",0,321
"322",0,73,"F","English",-0.857812171707125,NA,-0.832170774943629,17,11,NA,NA,NA,91,84,110,101,NA,NA,72,81,25,13,11,-2,NA,75,91,NA,82,-0.576,-3,-0.5908,-0.5119,21,NA,NA,NA,NA,17,91,84,91,"NotReported",0,322
"323",0,73,"M","Spanish",0.987696397329206,0.718190573076725,2.34755273850262,36,18,NA,NA,NA,107,109,119,116,NA,NA,91,98,48,21,24,18,NA,98,112,NA,104,1.2424,-0.4606,0.152,-0.8494,31,9,NA,NA,NA,30,107,109,112,"NotReported",0,323
"324",0,73,"M","English",-0.438670516264647,-0.282525799051552,1.89873003705969,48,17,NA,NA,NA,127,128,123,126,NA,NA,133,115,56,23,28,51,NA,132,128,NA,125,0.2363,0.4394,0.3761,0.0968,37,9,NA,NA,NA,39,127,128,128,"NotReported",0,324
"325",0,73,"F","Chinese - Cantonese",-0.391397964261028,0.585157426948416,NA,14,6,NA,NA,NA,86,91,90,108,NA,NA,NA,89,28,15,14,NA,NA,NA,97,NA,90,-3,-1.3621,0.1667,-0.9502,25,7,NA,NA,NA,16,86,91,97,"NotReported",0,325
"326",0,73,"M","English",0.301033677719973,0.757015328939512,-0.403232933614084,49,18,NA,NA,NA,128,120,123,133,NA,NA,105,110,52,26,27,26,NA,113,125,NA,118,0.2363,-0.4606,-0.1509,-0.8494,41,6,NA,NA,NA,43,128,120,125,"NotReported",0,326
"327",0,73,"M","Spanish",-1.14144748372884,NA,NA,9,1,NA,NA,NA,60,58,44,44,NA,NA,NA,61,14,4,7,NA,NA,NA,54,NA,58,-3,-3,-3,-3,13,5,NA,NA,NA,25,60,58,54,"NotReported",1,327
"328",0,73,"M","Spanish",0.478648259728162,NA,-0.869908630151638,12,4,NA,NA,NA,75,82,70,95,NA,NA,71,77,26,12,11,-1,NA,72,87,NA,79,-3,-1.4989,-1.025,-2.1175,0,5,NA,NA,NA,32,75,82,87,"NotReported",0,328
"329",0,73,"F","Spanish",0.0173983656982598,0.284252074875424,NA,15,6,NA,NA,NA,75,85,79,104,NA,NA,70,79,32,17,15,2,NA,75,92,NA,82,-3,-1.6328,-0.9804,-3,21,6,NA,NA,NA,8,75,85,92,"NotReported",0,329
"330",0,73,"F","Spanish",-0.214791503306655,-0.573688422478682,NA,12,5,NA,NA,NA,85,80,85,85,NA,NA,76,85,19,7,11,0,NA,76,82,NA,82,-2.1603,-1.3907,0.5462,-2.6723,22,7,NA,NA,NA,8,85,80,82,"NotReported",0,330
"331",0,73,"F","Spanish",1.18220863630259,1.42138509748873,3.65662599367209,21,6,NA,NA,NA,88,83,82,80,NA,NA,71,87,29,8,18,1,NA,76,83,NA,85,-3,-0.8958,-1.4493,-2.8804,11,12,NA,NA,NA,4,88,83,83,"NotReported",0,331
"332",0,73,"F","English",0.987696397329206,1.38795116948062,NA,15,8,NA,NA,NA,76,92,93,107,NA,NA,87,94,37,18,22,14,NA,89,97,NA,93,0.5704,-0.8958,0.5959,-0.3177,34,6,NA,NA,NA,32,76,92,97,"NotReported",0,332
"333",0,21,"F","English",0.586902889913046,-1.15896154479463,NA,18,10,NA,NA,NA,101,110,114,112,NA,NA,99,102,40,15,19,12,NA,103,111,NA,108,-0.576,-2.4908,-1.8788,3,41,2,NA,NA,NA,41,101,110,111,"Ineligible",0,333
"334",0,21,"F","Spanish",0.430883350743686,0.361999292981262,1.23801969980331,40,12,NA,NA,NA,116,112,109,112,NA,NA,89,92,47,18,18,11,NA,96,112,NA,102,-1.8157,-1.7356,0.7623,NA,25,6,NA,NA,NA,34,116,112,112,"Eligible",0,334
"335",0,21,"F","English",0.922381508151968,0.265248232150523,1.13520653634655,17,7,NA,NA,NA,91,98,96,NA,NA,NA,92,105,36,NA,24,13,NA,97,NA,NA,101,-0.576,-0.4606,-0.421,-0.6209,38,9,NA,NA,NA,30,91,98,NA,"Ineligible",0,335
"336",0,21,"F","English",0.488089257327824,0.361260544442822,1.99773510042735,24,9,NA,NA,NA,92,97,97,100,NA,NA,NA,95,42,15,22,NA,NA,NA,98,NA,96,0.2363,2.8683,0.7623,-0.3377,30,10,NA,NA,NA,36,92,97,98,"Eligible",0,336
"337",0,21,"F","Spanish",1.15909604994622,0.673962209869506,2.0032630686101,22,13,NA,NA,NA,103,117,118,124,NA,NA,118,115,46,21,26,33,NA,121,120,NA,117,0.2363,-0.0405,-0.5826,-0.6636,37,9,NA,NA,NA,36,103,117,120,"Ineligible",0,337
"338",0,21,"F","English",-0.481714005411975,-0.0702659640666415,-0.520730325532373,18,13,NA,NA,NA,82,84,107,108,NA,NA,79,93,30,18,21,7,NA,83,93,NA,88,-0.576,0.5786,0.3761,-0.6793,29,0,NA,NA,NA,35,82,84,93,"Eligible",0,338
"339",0,21,"F","Spanish",1.13878461699863,0.518774008469122,1.40399711109006,20,NA,NA,NA,NA,85,91,NA,92,NA,NA,85,94,36,12,22,12,NA,88,92,NA,92,NA,NA,NA,NA,NA,NA,NA,NA,NA,NA,85,91,92,"Ineligible",0,339
"340",0,21,"F","English",1.02332351534846,0.333758527050402,-0.195082016805501,36,16,NA,NA,NA,105,101,114,102,NA,NA,93,106,44,16,28,20,NA,98,102,NA,103,-0.3049,2.2164,-0.0871,-0.82,40,10,NA,NA,NA,66,105,101,102,"Ineligible",0,340
"341",0,21,"F","English",0.851193975156868,0.057646366649794,NA,21,9,NA,NA,NA,91,102,100,99,NA,NA,103,102,41,13,24,25,NA,103,100,NA,102,-0.3049,0.3826,-0.6912,-1.4164,37,5,NA,NA,NA,50,91,102,100,"Eligible",0,341
"342",0,21,"F","Spanish",1.52326320824457,1.12755039461237,2.03415765202481,22,8,NA,NA,NA,93,110,97,123,NA,NA,112,110,47,23,28,34,NA,112,115,NA,110,-1.159,-3,0.1264,-0.9834,48,8,NA,NA,NA,47,93,110,115,"Eligible",0,342
"343",0,21,"F","Spanish",1.51244168270498,1.27209268560111,2.09932054036857,11,NA,NA,NA,NA,79,86,NA,96,NA,NA,76,91,24,10,15,1,NA,81,90,NA,88,NA,NA,NA,NA,NA,NA,NA,NA,NA,NA,79,86,90,"Eligible",0,343
"344",0,21,"F","Spanish",-1.35452464731067,-1.00635329965692,NA,13,5,NA,NA,NA,89,87,87,95,NA,NA,76,92,23,9,14,-3,NA,82,91,NA,90,-1.159,-0.8958,-0.5908,-2.5676,32,8,NA,NA,NA,16,89,87,91,"Eligible",0,344
"345",0,21,"F","English",-0.629912589529635,NA,0.603649422868055,18,6,NA,NA,NA,82,87,80,93,NA,NA,75,86,32,12,17,4,NA,79,90,NA,86,-0.9551,0.3826,0.7322,-0.6636,38,7,NA,NA,NA,40,82,87,90,"Eligible",0,345
"346",1,21,"F","English",0.455712026488812,0.351469783468819,-0.829200792884571,40,16,NA,NA,NA,100,103,106,104,NA,100,108,92,50,19,25,39,30,103,104,106,98,-0.1684,NA,-0.2807,1.9521,42,8,0.6608,NA,NA,NA,100,103,104,"Eligible",0,346
"347",1,21,"F","Spanish",0.509200417075748,0.890290782058634,-1.1931862809649,15,NA,NA,NA,NA,57,63,NA,84,NA,49,NA,56,26,13,11,NA,2,NA,72,NA,57,NA,NA,NA,NA,NA,NA,NA,NA,NA,NA,57,63,72,"Eligible",1,347
"348",1,21,"F","English",0.645143099319513,-0.40922830176408,-0.616156701708164,44,19,NA,NA,NA,105,110,113,115,NA,100,105,99,54,23,29,37,30,105,112,103,106,2.253,NA,-0.9012,-0.2028,56,6,0.6106,NA,NA,NA,105,110,112,"Eligible",0,348
"349",1,21,"F","English",0.896704810825882,-0.170567748090972,0.490479958155183,48,17,NA,NA,NA,119,117,114,119,NA,86,94,90,55,23,21,23,13,99,118,90,104,-3,NA,0.4012,0.6969,21,8,0.1488,NA,NA,NA,119,117,118,"Eligible",0,349
"350",1,21,"F","English",-1.76749028375237,NA,-2.42740451342838,11,3,NA,NA,NA,62,51,53,59,NA,47,NA,52,13,6,6,NA,0,NA,59,NA,52,0.1744,NA,-0.7872,-3,33,5,0.8808,NA,NA,NA,62,51,59,"Eligible",1,350
"351",0,10,"F","Spanish",1.08224150133644,NA,NA,17,6,NA,NA,NA,85,95,84,98,NA,NA,86,90,37,13,18,10,NA,88,96,NA,93,-1.159,0.3826,-0.3729,3,28,7,NA,NA,NA,35,85,95,96,"Eligible",0,351
"352",0,10,"F","Spanish",0.21161125578526,NA,NA,18,8,NA,NA,NA,91,88,99,92,NA,NA,72,85,29,10,14,-2,NA,78,90,NA,86,-3,-0.0223,-2.2161,-1.2951,31,5,NA,NA,NA,37,91,88,90,"Ineligible",0,352
"353",0,10,"F","Spanish",0.44285133373083,NA,NA,13,6,NA,NA,NA,86,84,92,76,NA,NA,74,93,23,6,16,-1,NA,80,81,NA,88,-1.0853,-3,-1.025,-2.3122,37,5,NA,NA,NA,37,86,84,81,"Eligible",0,353
"354",0,10,"F","Spanish",0.724452017345918,0.39986308421858,NA,19,7,NA,NA,NA,92,103,95,92,NA,NA,108,106,41,10,25,28,NA,107,99,NA,105,0.6184,0.2485,-0.888,-2.6723,40,8,NA,NA,NA,47,92,103,99,"Eligible",0,354
"355",0,10,"F","English",-0.844399248927434,NA,NA,25,11,NA,NA,NA,99,120,107,114,NA,NA,99,107,53,19,26,22,NA,109,118,NA,116,-0.576,-0.3832,0.5959,1.3485,38,8,NA,NA,NA,41,99,120,118,"Eligible",0,355
"356",0,10,"F","Spanish",-1.74608065231142,-0.0175920690134048,NA,10,4,NA,NA,NA,72,63,71,78,NA,NA,NA,42,14,7,4,NA,NA,NA,70,NA,52,-1.1843,-3,-0.9855,-3,0,4,NA,NA,NA,4,72,63,70,"Eligible",1,356
"357",0,10,"F","Spanish",0.156237139793998,NA,2.28191525364244,26,12,NA,NA,NA,100,103,109,114,NA,NA,94,98,42,19,22,17,NA,98,107,NA,101,-0.3049,0.3921,-1.3713,-0.3177,28,8,NA,NA,NA,44,100,103,107,"Eligible",0,357
"358",0,10,"F","English",0.492454631546665,0.184904908236311,-2.07621939767153,21,13,NA,NA,NA,91,95,111,93,NA,NA,88,95,37,11,21,12,NA,91,94,NA,95,0.2492,-0.4606,0.7623,-0.6636,37,6,NA,NA,NA,49,91,95,94,"Ineligible",0,358
"359",0,10,"F","English",-1.256930273055,-1.06337929544,NA,12,6,NA,NA,NA,71,69,82,80,NA,NA,NA,66,19,8,8,NA,NA,NA,74,NA,66,-0.576,-2.4908,1.1718,0.0968,44,5,NA,NA,NA,32,71,69,74,"Eligible",1,359
"360",0,10,"F","English",-1.98244341232952,-0.874593774551674,NA,10,4,NA,NA,NA,63,78,63,91,NA,NA,NA,81,27,12,16,NA,NA,NA,84,NA,79,-0.3049,-0.8958,-1.2557,-0.7956,32,10,NA,NA,NA,17,63,78,84,"Eligible",1,360
"361",0,10,"F","Spanish",-0.952357275714363,-1.20695686770558,-2.85393515890601,17,5,NA,NA,NA,84,105,75,95,NA,NA,106,90,44,12,18,28,NA,101,101,NA,97,-0.576,-0.4606,-1.4818,-2.8234,37,6,NA,NA,NA,45,84,105,101,"Eligible",0,361
"362",0,10,"F","Spanish",-0.370553601251916,-0.709314653121374,-2.30925701145577,9,4,NA,NA,NA,60,54,63,62,NA,NA,NA,63,13,6,8,NA,NA,NA,59,NA,56,-3,-3,-2.1396,-1.0766,39,6,NA,NA,NA,14,60,54,59,"Eligible",1,362
"363",0,10,"F","English",-1.10567455570171,-0.716848459795862,NA,11,6,NA,NA,NA,84,100,95,103,NA,NA,95,105,33,12,21,11,NA,99,101,NA,102,-1.5394,-3,-0.7858,-3,23,5,NA,NA,NA,15,84,100,101,"Eligible",0,363
"364",0,10,"F","Spanish",-0.0675941930072452,0.473112159275424,NA,10,4,NA,NA,NA,64,50,65,52,NA,NA,NA,64,11,5,8,NA,NA,NA,53,NA,55,-1.159,-3,-3,-2.4,19,4,NA,NA,NA,16,64,50,53,"Eligible",1,364
"365",0,10,"F","English",0.828188185920891,1.0787355536447,-1.29732064765266,12,8,NA,NA,NA,73,79,95,94,NA,NA,NA,75,25,12,11,NA,NA,NA,85,NA,77,-3,-3,0.3172,-2.8472,36,4,NA,NA,NA,33,73,79,85,"Eligible",0,365
"366",0,10,"F","English",0.492454631546665,0.703953844741794,-0.910936750595234,12,4,NA,NA,NA,75,80,70,105,NA,NA,NA,74,25,16,10,NA,NA,NA,90,NA,77,-0.2941,-0.8958,0.0018,-2.4173,36,5,NA,NA,NA,25,75,80,90,"Eligible",0,366
"367",0,10,"F","English",0.167314324618478,-1.71229240668298,-1.35657666087996,12,6,NA,NA,NA,71,64,82,64,NA,NA,75,66,16,6,8,4,NA,65,64,NA,64,-3,-3,-1.8059,-2.9937,38,5,NA,NA,NA,26,71,64,64,"Eligible",1,367
"368",0,10,"F","English",-1.06098180895139,-0.620103072024394,-0.391131174261887,10,4,NA,NA,NA,63,54,63,62,NA,NA,NA,40,13,6,3,NA,NA,NA,59,NA,40,-0.576,-0.8958,-0.0871,-2.9855,32,5,NA,NA,NA,NA,63,54,59,"Ineligible",1,368
"369",0,10,"F","Spanish",1.40768347056608,1.29673068440877,0.0895479505016259,12,5,NA,NA,NA,85,72,85,79,NA,NA,NA,77,14,6,7,NA,NA,NA,75,NA,74,-3,-3,-1.1101,NA,30,9,NA,NA,NA,31,85,72,75,"Eligible",1,369
"370",0,10,"F","Spanish",-1.11511261704414,0.0254127623413522,NA,10,4,NA,NA,NA,72,61,71,69,NA,NA,NA,63,13,6,6,NA,NA,NA,65,NA,60,-1.0638,-3,1.2902,-2.5442,0,2,NA,NA,NA,25,72,61,65,"Eligible",1,370
"371",0,10,"F","English",0.85262833754023,-0.917452027844523,NA,22,10,NA,NA,NA,96,81,106,100,NA,NA,72,79,24,13,11,0,NA,73,89,NA,80,0.2363,0.3813,-0.2497,-0.6636,25,7,NA,NA,NA,30,96,81,89,"Eligible",0,371
"372",0,10,"F","English",0.0225210477707847,0.517019186577056,-0.246543428989876,36,4,NA,NA,NA,105,109,65,99,NA,NA,110,92,49,15,21,35,NA,105,105,NA,100,-0.3049,-0.8958,-1.2932,-0.2587,41,7,NA,NA,NA,50,105,109,105,"Eligible",0,372
"373",0,10,"F","Spanish",-2.0324804639718,-1.64872184713613,NA,10,4,NA,NA,NA,64,67,65,74,NA,NA,NA,74,18,7,11,NA,NA,NA,71,NA,69,-1.159,-3,0.3761,-1.0558,25,4,NA,NA,NA,20,64,67,71,"Eligible",1,373
"374",1,10,"F","English",0.756080850647083,-0.0682119078949623,-3.2388059821093,39,16,NA,NA,NA,96,110,103,114,NA,101,98,91,55,23,25,31,31,99,113,98,101,0.7586,NA,0.4329,0.5292,39,7,0.0639,NA,NA,NA,96,110,113,"Eligible",0,374
"375",1,10,"F","Spanish",-1.00121885595897,-1.33234655368412,NA,7,2,NA,NA,NA,49,40,42,57,NA,45,NA,40,9,6,4,NA,0,NA,47,NA,40,-0.1684,NA,-2.8804,-3,20,4,-1.1926,NA,NA,NA,49,40,47,"Eligible",1,375
"376",1,10,"F","English",0.524032141392779,0.434379243441599,NA,23,6,NA,NA,NA,80,99,71,99,NA,88,91,90,47,17,23,23,18,93,99,89,95,-0.1566,NA,-0.2824,-2.3627,38,6,0.0639,NA,NA,NA,80,99,99,"Eligible",0,376
"377",1,10,"F","English",0.425741007124298,-1.42101343330498,NA,31,11,NA,NA,NA,89,103,94,99,NA,96,91,91,50,17,24,23,26,95,102,92,98,2.4607,NA,0.5605,0.4302,37,0,-0.1027,NA,NA,NA,89,103,102,"Eligible",0,377
"378",1,10,"F","English",0.0139779965129646,0.205640735210543,-0.437111679835378,17,6,NA,NA,NA,67,71,66,92,NA,64,67,67,28,15,14,4,4,67,80,62,68,-1.4956,NA,-0.8894,NA,38,NA,-1.4239,NA,NA,NA,67,71,80,"Eligible",1,378
"379",1,13,"F","English",1.41764983952694,1.0401079144622,NA,48,19,NA,NA,NA,112,114,114,119,NA,110,107,92,56,24,25,38,38,101,117,108,105,3,NA,-0.5228,0.1616,45,10,0.7527,NA,NA,NA,112,114,117,"Ineligible",0,379
"380",1,13,"F","English",0.36834310277072,0.14723160901723,0.971718872352068,32,17,NA,NA,NA,85,94,104,101,NA,93,92,85,46,19,23,27,26,91,97,91,90,0.9192,NA,-0.7166,0.5386,43,10,0.7589,NA,NA,NA,85,94,97,"Eligible",0,380
"381",0,13,"F","English",-1.2952888458026,-1.16648754723882,-1.46760403913755,12,5,NA,NA,NA,81,89,82,84,NA,NA,81,86,27,7,13,4,NA,86,87,NA,88,-3,-3,-0.7858,-3,25,3,NA,NA,NA,20,81,89,87,"Eligible",0,381
"382",0,13,"F","English",0.227953437616245,NA,0.371536573490159,26,8,NA,NA,NA,103,110,101,121,NA,NA,124,111,45,21,26,41,NA,114,116,NA,110,-0.3049,0.3826,1.8669,-0.0191,30,NA,NA,NA,NA,42,103,110,116,"Eligible",0,382
"383",0,13,"F","Spanish",-2.12319694480737,-0.344091236111432,0.745307075276979,14,6,NA,NA,NA,90,94,93,98,NA,NA,NA,85,29,10,10,NA,NA,NA,96,NA,91,-3,-3,-1.11,NA,31,7,NA,NA,NA,32,90,94,96,"Eligible",0,383
"384",0,13,"F","English",-1.87596433609201,-2.00972101470441,-0.671007717257699,6,4,NA,NA,NA,66,80,74,97,NA,NA,NA,84,21,11,12,NA,NA,NA,87,NA,82,-3,-3,-3,NA,26,NA,NA,NA,NA,NA,66,80,87,"Eligible",0,384
"385",0,13,"F","English",-1.15829446130851,-1.15298275258501,NA,12,6,NA,NA,NA,81,83,90,107,NA,NA,NA,84,22,15,12,NA,NA,NA,95,NA,84,-0.576,-0.4527,1.8934,0.3834,31,11,NA,NA,NA,NA,81,83,95,"Eligible",0,385
"386",0,13,"F","Spanish",-1.04251289941897,-1.29381821030505,-2.71780358796308,10,5,NA,NA,NA,70,77,76,96,NA,NA,NA,84,23,12,14,NA,NA,NA,84,NA,80,-3,-3,-1.8059,NA,NA,4,NA,NA,NA,NA,70,77,84,"Eligible",1,386
"387",0,13,"F","Spanish",-2.36071468139552,-2.21749270287534,NA,13,6,NA,NA,NA,72,80,80,86,NA,NA,71,82,27,10,16,1,NA,71,83,NA,82,-3,-3,1.0727,1.8089,22,6,NA,NA,NA,23,72,80,83,"Eligible",0,387
"388",0,13,"F","English",0.255995025887713,-1.65415655302982,NA,11,3,NA,NA,NA,70,74,62,95,NA,NA,NA,74,22,12,10,NA,NA,NA,82,NA,73,-0.3049,-3,-0.1227,-0.6636,20,NA,NA,NA,NA,7,70,74,82,"Eligible",1,388
"389",0,13,"F","Spanish",0.537732715424559,NA,NA,6,2,NA,NA,NA,59,51,56,55,NA,NA,NA,40,10,5,4,NA,NA,NA,54,NA,42,-3,-3,-1.5833,NA,NA,NA,NA,NA,NA,NA,59,51,54,"Eligible",1,389
"390",0,13,"F","Spanish",-0.560260871733268,-1.27646662784047,0.359276343628009,16,9,NA,NA,NA,91,96,106,93,NA,NA,89,100,33,9,20,9,NA,96,95,NA,99,-0.3049,-0.9995,0.3431,-0.6636,40,7,NA,NA,NA,30,91,96,95,"Eligible",0,390
"391",0,13,"F","Spanish",-1.25033982606003,NA,NA,12,5,NA,NA,NA,81,55,82,42,NA,NA,NA,59,17,5,10,NA,NA,NA,51,NA,55,-3,-1.9049,-1.8575,-2.8313,NA,6,NA,NA,NA,16,81,55,51,"Eligible",1,391
"392",0,13,"F","English",-1.09384306426307,NA,NA,15,8,NA,NA,NA,73,71,90,85,NA,NA,67,68,23,10,10,-5,NA,69,78,NA,69,-0.3049,-0.0405,0.6661,-0.6793,28,8,NA,NA,NA,34,73,71,78,"Eligible",1,392
"393",0,13,"F","English",-0.71125165789457,-0.252329863935182,NA,11,4,NA,NA,NA,84,72,80,57,NA,NA,NA,80,14,3,8,NA,NA,NA,66,NA,76,-0.9551,-3,-3,-2.5758,24,NA,NA,NA,NA,NA,84,72,66,"Eligible",1,393
"394",1,13,"F","Spanish",-2.32302966979849,-1.08682149338143,1.76714193861109,23,8,NA,NA,NA,75,80,80,87,NA,82,80,80,34,13,20,15,13,80,83,79,79,-0.1684,NA,0.633,-2.4584,21,8,0.0639,NA,NA,NA,75,80,83,"Eligible",0,394
"395",1,13,"F","English",0.713331648966061,0.0721515057235227,0.419866836846449,29,13,NA,NA,NA,83,82,96,92,NA,89,91,85,36,15,22,25,20,86,86,89,82,-0.5978,NA,-1.631,-0.7735,42,7,0.62,NA,NA,NA,83,82,86,"Eligible",0,395
"396",1,13,"F","English",0.382214485381923,0.786002175626427,0.656475745968859,29,10,NA,NA,NA,83,94,87,87,NA,93,98,97,45,13,29,32,25,96,91,97,95,-0.1566,NA,0.4363,-0.5689,33,8,0.0639,NA,NA,NA,83,94,91,"Eligible",0,396
"397",1,13,"F","English",0.569595172944343,NA,NA,21,12,NA,NA,NA,73,102,94,108,NA,106,95,96,51,21,28,29,34,97,105,98,99,0.7586,NA,0.7608,0.7861,37,7,0.9238,NA,NA,NA,73,102,105,"Eligible",0,397
"398",1,13,"F","Spanish",0.633518367949385,0.925563791014068,NA,13,6,NA,NA,NA,59,78,68,91,NA,80,73,73,32,14,16,8,11,76,83,73,75,0.2156,NA,-1.9948,-1.4691,31,5,-2.2031,NA,NA,NA,59,78,83,"Eligible",1,398
